-- MySQL dump 10.13  Distrib 8.0.30, for Linux (x86_64)
--
-- Host: localhost    Database: strapi_segalerba
-- ------------------------------------------------------
-- Server version	8.0.30-0ubuntu0.20.04.2

/*!40101 SET @OLD_CHARACTER_SET_CLIENT=@@CHARACTER_SET_CLIENT */;
/*!40101 SET @OLD_CHARACTER_SET_RESULTS=@@CHARACTER_SET_RESULTS */;
/*!40101 SET @OLD_COLLATION_CONNECTION=@@COLLATION_CONNECTION */;
/*!50503 SET NAMES utf8 */;
/*!40103 SET @OLD_TIME_ZONE=@@TIME_ZONE */;
/*!40103 SET TIME_ZONE='+00:00' */;
/*!40014 SET @OLD_UNIQUE_CHECKS=@@UNIQUE_CHECKS, UNIQUE_CHECKS=0 */;
/*!40014 SET @OLD_FOREIGN_KEY_CHECKS=@@FOREIGN_KEY_CHECKS, FOREIGN_KEY_CHECKS=0 */;
/*!40101 SET @OLD_SQL_MODE=@@SQL_MODE, SQL_MODE='NO_AUTO_VALUE_ON_ZERO' */;
/*!40111 SET @OLD_SQL_NOTES=@@SQL_NOTES, SQL_NOTES=0 */;

--
-- Table structure for table `admin_permissions`
--

DROP TABLE IF EXISTS `admin_permissions`;
/*!40101 SET @saved_cs_client     = @@character_set_client */;
/*!50503 SET character_set_client = utf8mb4 */;
CREATE TABLE `admin_permissions` (
  `id` int unsigned NOT NULL AUTO_INCREMENT,
  `action` varchar(255) DEFAULT NULL,
  `subject` varchar(255) DEFAULT NULL,
  `properties` json DEFAULT NULL,
  `conditions` json DEFAULT NULL,
  `created_at` datetime(6) DEFAULT NULL,
  `updated_at` datetime(6) DEFAULT NULL,
  `created_by_id` int unsigned DEFAULT NULL,
  `updated_by_id` int unsigned DEFAULT NULL,
  PRIMARY KEY (`id`),
  KEY `admin_permissions_created_by_id_fk` (`created_by_id`),
  KEY `admin_permissions_updated_by_id_fk` (`updated_by_id`),
  CONSTRAINT `admin_permissions_created_by_id_fk` FOREIGN KEY (`created_by_id`) REFERENCES `admin_users` (`id`) ON DELETE SET NULL,
  CONSTRAINT `admin_permissions_updated_by_id_fk` FOREIGN KEY (`updated_by_id`) REFERENCES `admin_users` (`id`) ON DELETE SET NULL
) ENGINE=InnoDB AUTO_INCREMENT=197 DEFAULT CHARSET=utf8mb4 COLLATE=utf8mb4_0900_ai_ci;
/*!40101 SET character_set_client = @saved_cs_client */;

--
-- Dumping data for table `admin_permissions`
--

LOCK TABLES `admin_permissions` WRITE;
/*!40000 ALTER TABLE `admin_permissions` DISABLE KEYS */;
INSERT INTO `admin_permissions` VALUES (1,'plugin::upload.read',NULL,'{}','[]','2022-09-22 16:00:22.047000','2022-09-22 16:00:22.047000',NULL,NULL),(2,'plugin::upload.assets.create',NULL,'{}','[]','2022-09-22 16:00:22.058000','2022-09-22 16:00:22.058000',NULL,NULL),(3,'plugin::upload.assets.update',NULL,'{}','[]','2022-09-22 16:00:22.069000','2022-09-22 16:00:22.069000',NULL,NULL),(4,'plugin::upload.assets.download',NULL,'{}','[]','2022-09-22 16:00:22.079000','2022-09-22 16:00:22.079000',NULL,NULL),(5,'plugin::upload.assets.copy-link',NULL,'{}','[]','2022-09-22 16:00:22.089000','2022-09-22 16:00:22.089000',NULL,NULL),(6,'plugin::upload.read',NULL,'{}','[\"admin::is-creator\"]','2022-09-22 16:00:22.102000','2022-09-22 16:00:22.102000',NULL,NULL),(7,'plugin::upload.assets.create',NULL,'{}','[]','2022-09-22 16:00:22.112000','2022-09-22 16:00:22.112000',NULL,NULL),(8,'plugin::upload.assets.update',NULL,'{}','[\"admin::is-creator\"]','2022-09-22 16:00:22.124000','2022-09-22 16:00:22.124000',NULL,NULL),(9,'plugin::upload.assets.download',NULL,'{}','[]','2022-09-22 16:00:22.135000','2022-09-22 16:00:22.135000',NULL,NULL),(10,'plugin::upload.assets.copy-link',NULL,'{}','[]','2022-09-22 16:00:22.149000','2022-09-22 16:00:22.149000',NULL,NULL),(11,'plugin::content-manager.explorer.create','plugin::users-permissions.user','{\"fields\": [\"username\", \"email\", \"provider\", \"password\", \"resetPasswordToken\", \"confirmationToken\", \"confirmed\", \"blocked\", \"role\"]}','[]','2022-09-22 16:00:22.185000','2022-09-22 16:00:22.185000',NULL,NULL),(12,'plugin::content-manager.explorer.read','plugin::users-permissions.user','{\"fields\": [\"username\", \"email\", \"provider\", \"password\", \"resetPasswordToken\", \"confirmationToken\", \"confirmed\", \"blocked\", \"role\"]}','[]','2022-09-22 16:00:22.196000','2022-09-22 16:00:22.196000',NULL,NULL),(13,'plugin::content-manager.explorer.update','plugin::users-permissions.user','{\"fields\": [\"username\", \"email\", \"provider\", \"password\", \"resetPasswordToken\", \"confirmationToken\", \"confirmed\", \"blocked\", \"role\"]}','[]','2022-09-22 16:00:22.206000','2022-09-22 16:00:22.206000',NULL,NULL),(14,'plugin::content-manager.explorer.delete','plugin::users-permissions.user','{}','[]','2022-09-22 16:00:22.216000','2022-09-22 16:00:22.216000',NULL,NULL),(15,'plugin::content-manager.single-types.configure-view',NULL,'{}','[]','2022-09-22 16:00:22.227000','2022-09-22 16:00:22.227000',NULL,NULL),(16,'plugin::content-manager.collection-types.configure-view',NULL,'{}','[]','2022-09-22 16:00:22.239000','2022-09-22 16:00:22.239000',NULL,NULL),(17,'plugin::content-manager.components.configure-layout',NULL,'{}','[]','2022-09-22 16:00:22.250000','2022-09-22 16:00:22.250000',NULL,NULL),(18,'plugin::content-type-builder.read',NULL,'{}','[]','2022-09-22 16:00:22.262000','2022-09-22 16:00:22.262000',NULL,NULL),(19,'plugin::email.settings.read',NULL,'{}','[]','2022-09-22 16:00:22.273000','2022-09-22 16:00:22.273000',NULL,NULL),(20,'plugin::upload.read',NULL,'{}','[]','2022-09-22 16:00:22.285000','2022-09-22 16:00:22.285000',NULL,NULL),(21,'plugin::upload.assets.create',NULL,'{}','[]','2022-09-22 16:00:22.295000','2022-09-22 16:00:22.295000',NULL,NULL),(22,'plugin::upload.assets.update',NULL,'{}','[]','2022-09-22 16:00:22.307000','2022-09-22 16:00:22.307000',NULL,NULL),(23,'plugin::upload.assets.download',NULL,'{}','[]','2022-09-22 16:00:22.319000','2022-09-22 16:00:22.319000',NULL,NULL),(24,'plugin::upload.assets.copy-link',NULL,'{}','[]','2022-09-22 16:00:22.330000','2022-09-22 16:00:22.330000',NULL,NULL),(25,'plugin::upload.settings.read',NULL,'{}','[]','2022-09-22 16:00:22.342000','2022-09-22 16:00:22.342000',NULL,NULL),(26,'plugin::users-permissions.roles.create',NULL,'{}','[]','2022-09-22 16:00:22.355000','2022-09-22 16:00:22.355000',NULL,NULL),(27,'plugin::users-permissions.roles.read',NULL,'{}','[]','2022-09-22 16:00:22.366000','2022-09-22 16:00:22.366000',NULL,NULL),(28,'plugin::users-permissions.roles.update',NULL,'{}','[]','2022-09-22 16:00:22.377000','2022-09-22 16:00:22.377000',NULL,NULL),(29,'plugin::users-permissions.roles.delete',NULL,'{}','[]','2022-09-22 16:00:22.390000','2022-09-22 16:00:22.390000',NULL,NULL),(30,'plugin::users-permissions.providers.read',NULL,'{}','[]','2022-09-22 16:00:22.401000','2022-09-22 16:00:22.401000',NULL,NULL),(31,'plugin::users-permissions.providers.update',NULL,'{}','[]','2022-09-22 16:00:22.412000','2022-09-22 16:00:22.412000',NULL,NULL),(32,'plugin::users-permissions.email-templates.read',NULL,'{}','[]','2022-09-22 16:00:22.424000','2022-09-22 16:00:22.424000',NULL,NULL),(33,'plugin::users-permissions.email-templates.update',NULL,'{}','[]','2022-09-22 16:00:22.435000','2022-09-22 16:00:22.435000',NULL,NULL),(34,'plugin::users-permissions.advanced-settings.read',NULL,'{}','[]','2022-09-22 16:00:22.447000','2022-09-22 16:00:22.447000',NULL,NULL),(35,'plugin::users-permissions.advanced-settings.update',NULL,'{}','[]','2022-09-22 16:00:22.458000','2022-09-22 16:00:22.458000',NULL,NULL),(36,'plugin::i18n.locale.create',NULL,'{}','[]','2022-09-22 16:00:22.470000','2022-09-22 16:00:22.470000',NULL,NULL),(37,'plugin::i18n.locale.read',NULL,'{}','[]','2022-09-22 16:00:22.481000','2022-09-22 16:00:22.481000',NULL,NULL),(38,'plugin::i18n.locale.update',NULL,'{}','[]','2022-09-22 16:00:22.492000','2022-09-22 16:00:22.492000',NULL,NULL),(39,'plugin::i18n.locale.delete',NULL,'{}','[]','2022-09-22 16:00:22.503000','2022-09-22 16:00:22.503000',NULL,NULL),(40,'admin::marketplace.read',NULL,'{}','[]','2022-09-22 16:00:22.515000','2022-09-22 16:00:22.515000',NULL,NULL),(41,'admin::marketplace.plugins.install',NULL,'{}','[]','2022-09-22 16:00:22.526000','2022-09-22 16:00:22.526000',NULL,NULL),(42,'admin::marketplace.plugins.uninstall',NULL,'{}','[]','2022-09-22 16:00:22.537000','2022-09-22 16:00:22.537000',NULL,NULL),(43,'admin::webhooks.create',NULL,'{}','[]','2022-09-22 16:00:22.549000','2022-09-22 16:00:22.549000',NULL,NULL),(44,'admin::webhooks.read',NULL,'{}','[]','2022-09-22 16:00:22.559000','2022-09-22 16:00:22.559000',NULL,NULL),(45,'admin::webhooks.update',NULL,'{}','[]','2022-09-22 16:00:22.572000','2022-09-22 16:00:22.572000',NULL,NULL),(46,'admin::webhooks.delete',NULL,'{}','[]','2022-09-22 16:00:22.583000','2022-09-22 16:00:22.583000',NULL,NULL),(47,'admin::users.create',NULL,'{}','[]','2022-09-22 16:00:22.595000','2022-09-22 16:00:22.595000',NULL,NULL),(48,'admin::users.read',NULL,'{}','[]','2022-09-22 16:00:22.605000','2022-09-22 16:00:22.605000',NULL,NULL),(49,'admin::users.update',NULL,'{}','[]','2022-09-22 16:00:22.619000','2022-09-22 16:00:22.619000',NULL,NULL),(50,'admin::users.delete',NULL,'{}','[]','2022-09-22 16:00:22.630000','2022-09-22 16:00:22.630000',NULL,NULL),(51,'admin::roles.create',NULL,'{}','[]','2022-09-22 16:00:22.642000','2022-09-22 16:00:22.642000',NULL,NULL),(52,'admin::roles.read',NULL,'{}','[]','2022-09-22 16:00:22.652000','2022-09-22 16:00:22.652000',NULL,NULL),(53,'admin::roles.update',NULL,'{}','[]','2022-09-22 16:00:22.662000','2022-09-22 16:00:22.662000',NULL,NULL),(54,'admin::roles.delete',NULL,'{}','[]','2022-09-22 16:00:22.674000','2022-09-22 16:00:22.674000',NULL,NULL),(55,'admin::api-tokens.create',NULL,'{}','[]','2022-09-22 16:00:22.687000','2022-09-22 16:00:22.687000',NULL,NULL),(56,'admin::api-tokens.read',NULL,'{}','[]','2022-09-22 16:00:22.699000','2022-09-22 16:00:22.699000',NULL,NULL),(57,'admin::api-tokens.update',NULL,'{}','[]','2022-09-22 16:00:22.710000','2022-09-22 16:00:22.710000',NULL,NULL),(58,'admin::api-tokens.delete',NULL,'{}','[]','2022-09-22 16:00:22.722000','2022-09-22 16:00:22.722000',NULL,NULL),(59,'admin::project-settings.update',NULL,'{}','[]','2022-09-22 16:00:22.734000','2022-09-22 16:00:22.734000',NULL,NULL),(60,'admin::project-settings.read',NULL,'{}','[]','2022-09-22 16:00:22.750000','2022-09-22 16:00:22.750000',NULL,NULL),(64,'plugin::content-manager.explorer.delete','api::option.option','{}','[]','2022-09-22 16:28:25.412000','2022-09-22 16:28:25.412000',NULL,NULL),(71,'plugin::content-manager.explorer.delete','api::home.home','{}','[]','2022-09-22 16:37:27.141000','2022-09-22 16:37:27.141000',NULL,NULL),(102,'plugin::content-manager.explorer.delete','api::post.post','{}','[]','2022-09-26 12:50:27.428000','2022-09-26 12:50:27.428000',NULL,NULL),(106,'plugin::content-manager.explorer.delete','api::post-tag.post-tag','{}','[]','2022-09-26 12:51:20.417000','2022-09-26 12:51:20.417000',NULL,NULL),(113,'plugin::content-manager.explorer.create','api::post-tag.post-tag','{\"fields\": [\"title\", \"posts\", \"slug\"]}','[]','2022-09-26 13:23:41.204000','2022-09-26 13:23:41.204000',NULL,NULL),(114,'plugin::content-manager.explorer.read','api::post-tag.post-tag','{\"fields\": [\"title\", \"posts\", \"slug\"]}','[]','2022-09-26 13:23:41.216000','2022-09-26 13:23:41.216000',NULL,NULL),(115,'plugin::content-manager.explorer.update','api::post-tag.post-tag','{\"fields\": [\"title\", \"posts\", \"slug\"]}','[]','2022-09-26 13:23:41.232000','2022-09-26 13:23:41.232000',NULL,NULL),(119,'plugin::content-manager.explorer.create','api::home.home','{\"fields\": [\"Title\", \"home_intro.title\", \"home_intro.subtitle\", \"home_intro.image\", \"slug\", \"features.icon\", \"features.title\", \"features.text\", \"features.url\", \"banner.title\", \"banner.text\", \"banner.image\", \"about.title\", \"about.text\", \"about.button_text\", \"about.button_url\", \"about.image\", \"certificates.image\", \"certificates.title\", \"certificates.text\", \"latest_posts.title\", \"latest_posts.button_text\", \"latest_posts.posts_ids\"]}','[]','2022-09-26 13:41:41.010000','2022-09-26 13:41:41.010000',NULL,NULL),(120,'plugin::content-manager.explorer.read','api::home.home','{\"fields\": [\"Title\", \"home_intro.title\", \"home_intro.subtitle\", \"home_intro.image\", \"slug\", \"features.icon\", \"features.title\", \"features.text\", \"features.url\", \"banner.title\", \"banner.text\", \"banner.image\", \"about.title\", \"about.text\", \"about.button_text\", \"about.button_url\", \"about.image\", \"certificates.image\", \"certificates.title\", \"certificates.text\", \"latest_posts.title\", \"latest_posts.button_text\", \"latest_posts.posts_ids\"]}','[]','2022-09-26 13:41:41.023000','2022-09-26 13:41:41.023000',NULL,NULL),(121,'plugin::content-manager.explorer.update','api::home.home','{\"fields\": [\"Title\", \"home_intro.title\", \"home_intro.subtitle\", \"home_intro.image\", \"slug\", \"features.icon\", \"features.title\", \"features.text\", \"features.url\", \"banner.title\", \"banner.text\", \"banner.image\", \"about.title\", \"about.text\", \"about.button_text\", \"about.button_url\", \"about.image\", \"certificates.image\", \"certificates.title\", \"certificates.text\", \"latest_posts.title\", \"latest_posts.button_text\", \"latest_posts.posts_ids\"]}','[]','2022-09-26 13:41:41.035000','2022-09-26 13:41:41.035000',NULL,NULL),(128,'plugin::content-manager.explorer.create','api::option.option','{\"fields\": [\"email\", \"phone\", \"facebook_url\", \"facebook_image\", \"instagram_url\", \"instagram_image\", \"linkedin_url\", \"linkedin_image\", \"youtube_url\", \"youtube_image\", \"whatsup_url\", \"whatsup_image\", \"logo\", \"image\", \"Text\", \"short_company_name\", \"address\", \"hours\", \"whatsup_number\", \"full_company_name\", \"vat\", \"partner_text\", \"partner_url\", \"partner_image\"]}','[]','2022-09-26 17:29:42.790000','2022-09-26 17:29:42.790000',NULL,NULL),(129,'plugin::content-manager.explorer.read','api::option.option','{\"fields\": [\"email\", \"phone\", \"facebook_url\", \"facebook_image\", \"instagram_url\", \"instagram_image\", \"linkedin_url\", \"linkedin_image\", \"youtube_url\", \"youtube_image\", \"whatsup_url\", \"whatsup_image\", \"logo\", \"image\", \"Text\", \"short_company_name\", \"address\", \"hours\", \"whatsup_number\", \"full_company_name\", \"vat\", \"partner_text\", \"partner_url\", \"partner_image\"]}','[]','2022-09-26 17:29:42.802000','2022-09-26 17:29:42.802000',NULL,NULL),(130,'plugin::content-manager.explorer.update','api::option.option','{\"fields\": [\"email\", \"phone\", \"facebook_url\", \"facebook_image\", \"instagram_url\", \"instagram_image\", \"linkedin_url\", \"linkedin_image\", \"youtube_url\", \"youtube_image\", \"whatsup_url\", \"whatsup_image\", \"logo\", \"image\", \"Text\", \"short_company_name\", \"address\", \"hours\", \"whatsup_number\", \"full_company_name\", \"vat\", \"partner_text\", \"partner_url\", \"partner_image\"]}','[]','2022-09-26 17:29:42.814000','2022-09-26 17:29:42.814000',NULL,NULL),(134,'plugin::content-manager.explorer.delete','api::servizi.servizi','{}','[]','2022-09-26 17:42:30.102000','2022-09-26 17:42:30.102000',NULL,NULL),(141,'plugin::content-manager.explorer.create','api::servizi.servizi','{\"fields\": [\"page_intro.title\", \"page_intro.image\", \"servizi_items.title\", \"servizi_items.text\", \"servizi_items.image\", \"Title\", \"text\", \"image\"]}','[]','2022-09-26 18:05:13.469000','2022-09-26 18:05:13.469000',NULL,NULL),(142,'plugin::content-manager.explorer.read','api::servizi.servizi','{\"fields\": [\"page_intro.title\", \"page_intro.image\", \"servizi_items.title\", \"servizi_items.text\", \"servizi_items.image\", \"Title\", \"text\", \"image\"]}','[]','2022-09-26 18:05:13.483000','2022-09-26 18:05:13.483000',NULL,NULL),(143,'plugin::content-manager.explorer.update','api::servizi.servizi','{\"fields\": [\"page_intro.title\", \"page_intro.image\", \"servizi_items.title\", \"servizi_items.text\", \"servizi_items.image\", \"Title\", \"text\", \"image\"]}','[]','2022-09-26 18:05:13.494000','2022-09-26 18:05:13.494000',NULL,NULL),(147,'plugin::content-manager.explorer.delete','api::chi-siamo.chi-siamo','{}','[]','2022-10-03 09:01:46.697000','2022-10-03 09:01:46.697000',NULL,NULL),(166,'plugin::content-manager.explorer.create','api::agente-tag.agente-tag','{\"fields\": [\"title\"]}','[]','2022-10-03 09:41:15.461000','2022-10-03 09:41:15.461000',NULL,NULL),(167,'plugin::content-manager.explorer.read','api::agente-tag.agente-tag','{\"fields\": [\"title\"]}','[]','2022-10-03 09:41:15.473000','2022-10-03 09:41:15.473000',NULL,NULL),(168,'plugin::content-manager.explorer.update','api::agente-tag.agente-tag','{\"fields\": [\"title\"]}','[]','2022-10-03 09:41:15.485000','2022-10-03 09:41:15.485000',NULL,NULL),(169,'plugin::content-manager.explorer.delete','api::agente-tag.agente-tag','{}','[]','2022-10-03 09:41:15.499000','2022-10-03 09:41:15.499000',NULL,NULL),(173,'plugin::content-manager.explorer.create','api::chi-siamo.chi-siamo','{\"fields\": [\"slug\", \"page_intro.title\", \"page_intro.image\", \"content\", \"title_1\", \"title_2\", \"team_1.image\", \"team_1.title\", \"team_1.tag\", \"team_1.text\", \"team_1.agente_tags\", \"team_1.socials.social_label\", \"team_1.socials.url\", \"team_2.image\", \"team_2.title\", \"team_2.tag\", \"team_2.text\", \"team_2.agente_tags\", \"team_2.socials.social_label\", \"team_2.socials.url\"]}','[]','2022-10-03 09:52:10.923000','2022-10-03 09:52:10.923000',NULL,NULL),(174,'plugin::content-manager.explorer.read','api::chi-siamo.chi-siamo','{\"fields\": [\"slug\", \"page_intro.title\", \"page_intro.image\", \"content\", \"title_1\", \"title_2\", \"team_1.image\", \"team_1.title\", \"team_1.tag\", \"team_1.text\", \"team_1.agente_tags\", \"team_1.socials.social_label\", \"team_1.socials.url\", \"team_2.image\", \"team_2.title\", \"team_2.tag\", \"team_2.text\", \"team_2.agente_tags\", \"team_2.socials.social_label\", \"team_2.socials.url\"]}','[]','2022-10-03 09:52:10.939000','2022-10-03 09:52:10.939000',NULL,NULL),(175,'plugin::content-manager.explorer.update','api::chi-siamo.chi-siamo','{\"fields\": [\"slug\", \"page_intro.title\", \"page_intro.image\", \"content\", \"title_1\", \"title_2\", \"team_1.image\", \"team_1.title\", \"team_1.tag\", \"team_1.text\", \"team_1.agente_tags\", \"team_1.socials.social_label\", \"team_1.socials.url\", \"team_2.image\", \"team_2.title\", \"team_2.tag\", \"team_2.text\", \"team_2.agente_tags\", \"team_2.socials.social_label\", \"team_2.socials.url\"]}','[]','2022-10-03 09:52:10.952000','2022-10-03 09:52:10.952000',NULL,NULL),(176,'plugin::content-manager.explorer.create','api::contatti.contatti','{\"fields\": [\"page_intro.title\", \"page_intro.image\"]}','[]','2022-10-03 16:48:11.796000','2022-10-03 16:48:11.796000',NULL,NULL),(177,'plugin::content-manager.explorer.read','api::contatti.contatti','{\"fields\": [\"page_intro.title\", \"page_intro.image\"]}','[]','2022-10-03 16:48:11.811000','2022-10-03 16:48:11.811000',NULL,NULL),(178,'plugin::content-manager.explorer.update','api::contatti.contatti','{\"fields\": [\"page_intro.title\", \"page_intro.image\"]}','[]','2022-10-03 16:48:11.824000','2022-10-03 16:48:11.824000',NULL,NULL),(179,'plugin::content-manager.explorer.delete','api::contatti.contatti','{}','[]','2022-10-03 16:48:11.836000','2022-10-03 16:48:11.836000',NULL,NULL),(183,'plugin::content-manager.explorer.delete','api::blog.blog','{}','[]','2022-10-03 17:13:33.073000','2022-10-03 17:13:33.073000',NULL,NULL),(184,'plugin::content-manager.explorer.create','api::blog.blog','{\"fields\": [\"title\", \"text\", \"page_intro.title\", \"page_intro.image\"]}','[]','2022-10-03 17:19:35.212000','2022-10-03 17:19:35.212000',NULL,NULL),(185,'plugin::content-manager.explorer.read','api::blog.blog','{\"fields\": [\"title\", \"text\", \"page_intro.title\", \"page_intro.image\"]}','[]','2022-10-03 17:19:35.226000','2022-10-03 17:19:35.226000',NULL,NULL),(186,'plugin::content-manager.explorer.update','api::blog.blog','{\"fields\": [\"title\", \"text\", \"page_intro.title\", \"page_intro.image\"]}','[]','2022-10-03 17:19:35.237000','2022-10-03 17:19:35.237000',NULL,NULL),(190,'plugin::content-manager.explorer.delete','api::author.author','{}','[]','2022-10-04 13:24:13.499000','2022-10-04 13:24:13.499000',NULL,NULL),(191,'plugin::content-manager.explorer.create','api::post.post','{\"fields\": [\"title\", \"image\", \"text\", \"post_tags\", \"slug\", \"author\"]}','[]','2022-10-04 13:25:47.723000','2022-10-04 13:25:47.723000',NULL,NULL),(192,'plugin::content-manager.explorer.read','api::post.post','{\"fields\": [\"title\", \"image\", \"text\", \"post_tags\", \"slug\", \"author\"]}','[]','2022-10-04 13:25:47.737000','2022-10-04 13:25:47.737000',NULL,NULL),(193,'plugin::content-manager.explorer.update','api::post.post','{\"fields\": [\"title\", \"image\", \"text\", \"post_tags\", \"slug\", \"author\"]}','[]','2022-10-04 13:25:47.749000','2022-10-04 13:25:47.749000',NULL,NULL),(194,'plugin::content-manager.explorer.create','api::author.author','{\"fields\": [\"title\", \"image\", \"text\"]}','[]','2022-10-04 13:31:27.450000','2022-10-04 13:31:27.450000',NULL,NULL),(195,'plugin::content-manager.explorer.read','api::author.author','{\"fields\": [\"title\", \"image\", \"text\"]}','[]','2022-10-04 13:31:27.464000','2022-10-04 13:31:27.464000',NULL,NULL),(196,'plugin::content-manager.explorer.update','api::author.author','{\"fields\": [\"title\", \"image\", \"text\"]}','[]','2022-10-04 13:31:27.476000','2022-10-04 13:31:27.476000',NULL,NULL);
/*!40000 ALTER TABLE `admin_permissions` ENABLE KEYS */;
UNLOCK TABLES;

--
-- Table structure for table `admin_permissions_role_links`
--

DROP TABLE IF EXISTS `admin_permissions_role_links`;
/*!40101 SET @saved_cs_client     = @@character_set_client */;
/*!50503 SET character_set_client = utf8mb4 */;
CREATE TABLE `admin_permissions_role_links` (
  `id` int unsigned NOT NULL AUTO_INCREMENT,
  `permission_id` int unsigned DEFAULT NULL,
  `role_id` int unsigned DEFAULT NULL,
  PRIMARY KEY (`id`),
  KEY `admin_permissions_role_links_fk` (`permission_id`),
  KEY `admin_permissions_role_links_inv_fk` (`role_id`),
  CONSTRAINT `admin_permissions_role_links_fk` FOREIGN KEY (`permission_id`) REFERENCES `admin_permissions` (`id`) ON DELETE CASCADE,
  CONSTRAINT `admin_permissions_role_links_inv_fk` FOREIGN KEY (`role_id`) REFERENCES `admin_roles` (`id`) ON DELETE CASCADE
) ENGINE=InnoDB AUTO_INCREMENT=197 DEFAULT CHARSET=utf8mb4 COLLATE=utf8mb4_0900_ai_ci;
/*!40101 SET character_set_client = @saved_cs_client */;

--
-- Dumping data for table `admin_permissions_role_links`
--

LOCK TABLES `admin_permissions_role_links` WRITE;
/*!40000 ALTER TABLE `admin_permissions_role_links` DISABLE KEYS */;
INSERT INTO `admin_permissions_role_links` VALUES (1,1,2),(2,2,2),(3,3,2),(4,4,2),(5,5,2),(6,6,3),(7,7,3),(8,8,3),(9,9,3),(10,10,3),(11,11,1),(12,12,1),(13,13,1),(14,14,1),(15,15,1),(16,16,1),(17,17,1),(18,18,1),(19,19,1),(20,20,1),(21,21,1),(22,22,1),(23,23,1),(24,24,1),(25,25,1),(26,26,1),(27,27,1),(28,28,1),(29,29,1),(30,30,1),(31,31,1),(32,32,1),(33,33,1),(34,34,1),(35,35,1),(36,36,1),(37,37,1),(38,38,1),(39,39,1),(40,40,1),(41,41,1),(42,42,1),(43,43,1),(44,44,1),(45,45,1),(46,46,1),(47,47,1),(48,48,1),(49,49,1),(50,50,1),(51,51,1),(52,52,1),(53,53,1),(54,54,1),(55,55,1),(56,56,1),(57,57,1),(58,58,1),(59,59,1),(60,60,1),(64,64,1),(71,71,1),(102,102,1),(106,106,1),(113,113,1),(114,114,1),(115,115,1),(119,119,1),(120,120,1),(121,121,1),(128,128,1),(129,129,1),(130,130,1),(134,134,1),(141,141,1),(142,142,1),(143,143,1),(147,147,1),(166,166,1),(167,167,1),(168,168,1),(169,169,1),(173,173,1),(174,174,1),(175,175,1),(176,176,1),(177,177,1),(178,178,1),(179,179,1),(183,183,1),(184,184,1),(185,185,1),(186,186,1),(190,190,1),(191,191,1),(192,192,1),(193,193,1),(194,194,1),(195,195,1),(196,196,1);
/*!40000 ALTER TABLE `admin_permissions_role_links` ENABLE KEYS */;
UNLOCK TABLES;

--
-- Table structure for table `admin_roles`
--

DROP TABLE IF EXISTS `admin_roles`;
/*!40101 SET @saved_cs_client     = @@character_set_client */;
/*!50503 SET character_set_client = utf8mb4 */;
CREATE TABLE `admin_roles` (
  `id` int unsigned NOT NULL AUTO_INCREMENT,
  `name` varchar(255) DEFAULT NULL,
  `code` varchar(255) DEFAULT NULL,
  `description` varchar(255) DEFAULT NULL,
  `created_at` datetime(6) DEFAULT NULL,
  `updated_at` datetime(6) DEFAULT NULL,
  `created_by_id` int unsigned DEFAULT NULL,
  `updated_by_id` int unsigned DEFAULT NULL,
  PRIMARY KEY (`id`),
  KEY `admin_roles_created_by_id_fk` (`created_by_id`),
  KEY `admin_roles_updated_by_id_fk` (`updated_by_id`),
  CONSTRAINT `admin_roles_created_by_id_fk` FOREIGN KEY (`created_by_id`) REFERENCES `admin_users` (`id`) ON DELETE SET NULL,
  CONSTRAINT `admin_roles_updated_by_id_fk` FOREIGN KEY (`updated_by_id`) REFERENCES `admin_users` (`id`) ON DELETE SET NULL
) ENGINE=InnoDB AUTO_INCREMENT=4 DEFAULT CHARSET=utf8mb4 COLLATE=utf8mb4_0900_ai_ci;
/*!40101 SET character_set_client = @saved_cs_client */;

--
-- Dumping data for table `admin_roles`
--

LOCK TABLES `admin_roles` WRITE;
/*!40000 ALTER TABLE `admin_roles` DISABLE KEYS */;
INSERT INTO `admin_roles` VALUES (1,'Super Admin','strapi-super-admin','Super Admins can access and manage all features and settings.','2022-09-22 16:00:22.024000','2022-09-22 16:00:22.024000',NULL,NULL),(2,'Editor','strapi-editor','Editors can manage and publish contents including those of other users.','2022-09-22 16:00:22.032000','2022-09-22 16:00:22.032000',NULL,NULL),(3,'Author','strapi-author','Authors can manage the content they have created.','2022-09-22 16:00:22.039000','2022-09-22 16:00:22.039000',NULL,NULL);
/*!40000 ALTER TABLE `admin_roles` ENABLE KEYS */;
UNLOCK TABLES;

--
-- Table structure for table `admin_users`
--

DROP TABLE IF EXISTS `admin_users`;
/*!40101 SET @saved_cs_client     = @@character_set_client */;
/*!50503 SET character_set_client = utf8mb4 */;
CREATE TABLE `admin_users` (
  `id` int unsigned NOT NULL AUTO_INCREMENT,
  `firstname` varchar(255) DEFAULT NULL,
  `lastname` varchar(255) DEFAULT NULL,
  `username` varchar(255) DEFAULT NULL,
  `email` varchar(255) DEFAULT NULL,
  `password` varchar(255) DEFAULT NULL,
  `reset_password_token` varchar(255) DEFAULT NULL,
  `registration_token` varchar(255) DEFAULT NULL,
  `is_active` tinyint(1) DEFAULT NULL,
  `blocked` tinyint(1) DEFAULT NULL,
  `prefered_language` varchar(255) DEFAULT NULL,
  `created_at` datetime(6) DEFAULT NULL,
  `updated_at` datetime(6) DEFAULT NULL,
  `created_by_id` int unsigned DEFAULT NULL,
  `updated_by_id` int unsigned DEFAULT NULL,
  PRIMARY KEY (`id`),
  KEY `admin_users_created_by_id_fk` (`created_by_id`),
  KEY `admin_users_updated_by_id_fk` (`updated_by_id`),
  CONSTRAINT `admin_users_created_by_id_fk` FOREIGN KEY (`created_by_id`) REFERENCES `admin_users` (`id`) ON DELETE SET NULL,
  CONSTRAINT `admin_users_updated_by_id_fk` FOREIGN KEY (`updated_by_id`) REFERENCES `admin_users` (`id`) ON DELETE SET NULL
) ENGINE=InnoDB AUTO_INCREMENT=2 DEFAULT CHARSET=utf8mb4 COLLATE=utf8mb4_0900_ai_ci;
/*!40101 SET character_set_client = @saved_cs_client */;

--
-- Dumping data for table `admin_users`
--

LOCK TABLES `admin_users` WRITE;
/*!40000 ALTER TABLE `admin_users` DISABLE KEYS */;
INSERT INTO `admin_users` VALUES (1,'Burduja','Sergiu',NULL,'seriiburduja@gmail.com','$2a$10$ZChF6Bp2R09e1DjmLfHeDuqQaG7/T41IRvUruXWSjw1pcF4Zq8E9S',NULL,NULL,1,0,NULL,'2022-09-22 16:01:04.629000','2022-09-22 16:03:36.261000',NULL,NULL);
/*!40000 ALTER TABLE `admin_users` ENABLE KEYS */;
UNLOCK TABLES;

--
-- Table structure for table `admin_users_roles_links`
--

DROP TABLE IF EXISTS `admin_users_roles_links`;
/*!40101 SET @saved_cs_client     = @@character_set_client */;
/*!50503 SET character_set_client = utf8mb4 */;
CREATE TABLE `admin_users_roles_links` (
  `id` int unsigned NOT NULL AUTO_INCREMENT,
  `user_id` int unsigned DEFAULT NULL,
  `role_id` int unsigned DEFAULT NULL,
  PRIMARY KEY (`id`),
  KEY `admin_users_roles_links_fk` (`user_id`),
  KEY `admin_users_roles_links_inv_fk` (`role_id`),
  CONSTRAINT `admin_users_roles_links_fk` FOREIGN KEY (`user_id`) REFERENCES `admin_users` (`id`) ON DELETE CASCADE,
  CONSTRAINT `admin_users_roles_links_inv_fk` FOREIGN KEY (`role_id`) REFERENCES `admin_roles` (`id`) ON DELETE CASCADE
) ENGINE=InnoDB AUTO_INCREMENT=2 DEFAULT CHARSET=utf8mb4 COLLATE=utf8mb4_0900_ai_ci;
/*!40101 SET character_set_client = @saved_cs_client */;

--
-- Dumping data for table `admin_users_roles_links`
--

LOCK TABLES `admin_users_roles_links` WRITE;
/*!40000 ALTER TABLE `admin_users_roles_links` DISABLE KEYS */;
INSERT INTO `admin_users_roles_links` VALUES (1,1,1);
/*!40000 ALTER TABLE `admin_users_roles_links` ENABLE KEYS */;
UNLOCK TABLES;

--
-- Table structure for table `agente_tags`
--

DROP TABLE IF EXISTS `agente_tags`;
/*!40101 SET @saved_cs_client     = @@character_set_client */;
/*!50503 SET character_set_client = utf8mb4 */;
CREATE TABLE `agente_tags` (
  `id` int unsigned NOT NULL AUTO_INCREMENT,
  `title` varchar(255) DEFAULT NULL,
  `created_at` datetime(6) DEFAULT NULL,
  `updated_at` datetime(6) DEFAULT NULL,
  `created_by_id` int unsigned DEFAULT NULL,
  `updated_by_id` int unsigned DEFAULT NULL,
  PRIMARY KEY (`id`),
  KEY `agente_tags_created_by_id_fk` (`created_by_id`),
  KEY `agente_tags_updated_by_id_fk` (`updated_by_id`),
  CONSTRAINT `agente_tags_created_by_id_fk` FOREIGN KEY (`created_by_id`) REFERENCES `admin_users` (`id`) ON DELETE SET NULL,
  CONSTRAINT `agente_tags_updated_by_id_fk` FOREIGN KEY (`updated_by_id`) REFERENCES `admin_users` (`id`) ON DELETE SET NULL
) ENGINE=InnoDB AUTO_INCREMENT=6 DEFAULT CHARSET=utf8mb4 COLLATE=utf8mb4_0900_ai_ci;
/*!40101 SET character_set_client = @saved_cs_client */;

--
-- Dumping data for table `agente_tags`
--

LOCK TABLES `agente_tags` WRITE;
/*!40000 ALTER TABLE `agente_tags` DISABLE KEYS */;
INSERT INTO `agente_tags` VALUES (1,'Agente immobiliare','2022-10-03 09:41:26.723000','2022-10-03 09:41:26.723000',1,1),(2,'Ceo & founder','2022-10-03 09:41:40.662000','2022-10-03 09:41:40.662000',1,1),(3,'Agente immobiliare & Coo ','2022-10-03 09:41:59.149000','2022-10-03 09:41:59.149000',1,1),(4,'Coordinatrice d\'agenzia e gestisce il front-office','2022-10-03 09:46:39.026000','2022-10-03 09:46:39.026000',1,1),(5,'Consulente del credito e Agente immobiliare','2022-10-03 09:46:48.287000','2022-10-03 09:46:48.287000',1,1);
/*!40000 ALTER TABLE `agente_tags` ENABLE KEYS */;
UNLOCK TABLES;

--
-- Table structure for table `authors`
--

DROP TABLE IF EXISTS `authors`;
/*!40101 SET @saved_cs_client     = @@character_set_client */;
/*!50503 SET character_set_client = utf8mb4 */;
CREATE TABLE `authors` (
  `id` int unsigned NOT NULL AUTO_INCREMENT,
  `title` varchar(255) DEFAULT NULL,
  `created_at` datetime(6) DEFAULT NULL,
  `updated_at` datetime(6) DEFAULT NULL,
  `created_by_id` int unsigned DEFAULT NULL,
  `updated_by_id` int unsigned DEFAULT NULL,
  `text` longtext,
  PRIMARY KEY (`id`),
  KEY `authors_created_by_id_fk` (`created_by_id`),
  KEY `authors_updated_by_id_fk` (`updated_by_id`),
  CONSTRAINT `authors_created_by_id_fk` FOREIGN KEY (`created_by_id`) REFERENCES `admin_users` (`id`) ON DELETE SET NULL,
  CONSTRAINT `authors_updated_by_id_fk` FOREIGN KEY (`updated_by_id`) REFERENCES `admin_users` (`id`) ON DELETE SET NULL
) ENGINE=InnoDB AUTO_INCREMENT=3 DEFAULT CHARSET=utf8mb4 COLLATE=utf8mb4_0900_ai_ci;
/*!40101 SET character_set_client = @saved_cs_client */;

--
-- Dumping data for table `authors`
--

LOCK TABLES `authors` WRITE;
/*!40000 ALTER TABLE `authors` DISABLE KEYS */;
INSERT INTO `authors` VALUES (1,'Fabrizio Segalerba','2022-10-04 13:24:47.048000','2022-10-04 13:33:10.243000',1,1,'Fabrizio Segalerba è agente immobiliare nella sua Genova, titolare dell\'omonima agenzia dal 1994. Dedica molto tempo alla FIAIP (Federazione Italiana Agenti Immobiliari Professionali) all\'interno della quale ricopre il ruolo di Segretario Nazionale. Fabrizio è un perfezionista, ama l\'arte e la storia, è autore in questo blog perché crede che la condivisione di esperienze e di informazioni possa migliorare il rapporto tra cliente e agente immobiliare.'),(2,'Evita Carnicella','2022-10-04 13:48:09.649000','2022-10-04 13:48:09.649000',1,1,'Evita Carnicella ingauna di nascita genovese di adozione, dopo la laurea in economia e commercio inizia il suo percorso professionale presso uno studio di dottori commercialisti dove si occupa del comparto immobiliare. Intraprendente e decisa a seguire la sua vocazione si specializza nel settore immobiliare, superando dapprima l’esame di amministratore condominiale e poi di agente immobiliare. Paziente e sensibile, sempre pronta ad ascoltare le esigenze di chi cerca e vende casa, affronta ogni situazione con grande entusiasmo.');
/*!40000 ALTER TABLE `authors` ENABLE KEYS */;
UNLOCK TABLES;

--
-- Table structure for table `blogs`
--

DROP TABLE IF EXISTS `blogs`;
/*!40101 SET @saved_cs_client     = @@character_set_client */;
/*!50503 SET character_set_client = utf8mb4 */;
CREATE TABLE `blogs` (
  `id` int unsigned NOT NULL AUTO_INCREMENT,
  `title` varchar(255) DEFAULT NULL,
  `text` varchar(255) DEFAULT NULL,
  `created_at` datetime(6) DEFAULT NULL,
  `updated_at` datetime(6) DEFAULT NULL,
  `created_by_id` int unsigned DEFAULT NULL,
  `updated_by_id` int unsigned DEFAULT NULL,
  PRIMARY KEY (`id`),
  KEY `blogs_created_by_id_fk` (`created_by_id`),
  KEY `blogs_updated_by_id_fk` (`updated_by_id`),
  CONSTRAINT `blogs_created_by_id_fk` FOREIGN KEY (`created_by_id`) REFERENCES `admin_users` (`id`) ON DELETE SET NULL,
  CONSTRAINT `blogs_updated_by_id_fk` FOREIGN KEY (`updated_by_id`) REFERENCES `admin_users` (`id`) ON DELETE SET NULL
) ENGINE=InnoDB AUTO_INCREMENT=2 DEFAULT CHARSET=utf8mb4 COLLATE=utf8mb4_0900_ai_ci;
/*!40101 SET character_set_client = @saved_cs_client */;

--
-- Dumping data for table `blogs`
--

LOCK TABLES `blogs` WRITE;
/*!40000 ALTER TABLE `blogs` DISABLE KEYS */;
INSERT INTO `blogs` VALUES (1,'Le news di Immobiliare Segalerba','Per rimanere aggiornati sui cambiamenti del mercato immobiliare','2022-10-03 17:14:12.049000','2022-10-03 17:26:15.220000',1,1);
/*!40000 ALTER TABLE `blogs` ENABLE KEYS */;
UNLOCK TABLES;

--
-- Table structure for table `blogs_components`
--

DROP TABLE IF EXISTS `blogs_components`;
/*!40101 SET @saved_cs_client     = @@character_set_client */;
/*!50503 SET character_set_client = utf8mb4 */;
CREATE TABLE `blogs_components` (
  `id` int unsigned NOT NULL AUTO_INCREMENT,
  `entity_id` int unsigned DEFAULT NULL,
  `component_id` int unsigned DEFAULT NULL,
  `component_type` varchar(255) DEFAULT NULL,
  `field` varchar(255) DEFAULT NULL,
  `order` int unsigned DEFAULT '0',
  PRIMARY KEY (`id`),
  KEY `blogs_field_index` (`field`),
  KEY `blogs_component_type_index` (`component_type`),
  KEY `blogs_entity_fk` (`entity_id`),
  CONSTRAINT `blogs_entity_fk` FOREIGN KEY (`entity_id`) REFERENCES `blogs` (`id`) ON DELETE CASCADE
) ENGINE=InnoDB AUTO_INCREMENT=4 DEFAULT CHARSET=utf8mb4 COLLATE=utf8mb4_0900_ai_ci;
/*!40101 SET character_set_client = @saved_cs_client */;

--
-- Dumping data for table `blogs_components`
--

LOCK TABLES `blogs_components` WRITE;
/*!40000 ALTER TABLE `blogs_components` DISABLE KEYS */;
INSERT INTO `blogs_components` VALUES (3,1,4,'global.page-intro','page_intro',1);
/*!40000 ALTER TABLE `blogs_components` ENABLE KEYS */;
UNLOCK TABLES;

--
-- Table structure for table `chi_siamos`
--

DROP TABLE IF EXISTS `chi_siamos`;
/*!40101 SET @saved_cs_client     = @@character_set_client */;
/*!50503 SET character_set_client = utf8mb4 */;
CREATE TABLE `chi_siamos` (
  `id` int unsigned NOT NULL AUTO_INCREMENT,
  `slug` varchar(255) DEFAULT NULL,
  `created_at` datetime(6) DEFAULT NULL,
  `updated_at` datetime(6) DEFAULT NULL,
  `created_by_id` int unsigned DEFAULT NULL,
  `updated_by_id` int unsigned DEFAULT NULL,
  `content` longtext,
  `title_1` varchar(255) DEFAULT NULL,
  `title_2` varchar(255) DEFAULT NULL,
  PRIMARY KEY (`id`),
  UNIQUE KEY `chi_siamos_slug_unique` (`slug`),
  KEY `chi_siamos_created_by_id_fk` (`created_by_id`),
  KEY `chi_siamos_updated_by_id_fk` (`updated_by_id`),
  CONSTRAINT `chi_siamos_created_by_id_fk` FOREIGN KEY (`created_by_id`) REFERENCES `admin_users` (`id`) ON DELETE SET NULL,
  CONSTRAINT `chi_siamos_updated_by_id_fk` FOREIGN KEY (`updated_by_id`) REFERENCES `admin_users` (`id`) ON DELETE SET NULL
) ENGINE=InnoDB AUTO_INCREMENT=2 DEFAULT CHARSET=utf8mb4 COLLATE=utf8mb4_0900_ai_ci;
/*!40101 SET character_set_client = @saved_cs_client */;

--
-- Dumping data for table `chi_siamos`
--

LOCK TABLES `chi_siamos` WRITE;
/*!40000 ALTER TABLE `chi_siamos` DISABLE KEYS */;
INSERT INTO `chi_siamos` VALUES (1,'immobiliare-segalerba','2022-10-03 09:05:30.771000','2022-10-03 10:51:13.443000',1,1,'<p>Aiutiamo le persone a prendere le migliori decisioni immobiliari dal 1994. Grazie alla loro fiducia abbiamo costruito reputazione, credibilità ed un team di 5 persone eccezionali. Il nostro obiettivo è quello di crescere ancora, per questo siamo alla ricerca di talenti con i quali realizzare grandi progetti.</p>\n<p>Vuoi essere parte della squadra e dare una svolta alla tua carriera immobiliare? <strong><a href=\"/contatti/\">Scrivici subito!</a></strong></p>','Founders','Team');
/*!40000 ALTER TABLE `chi_siamos` ENABLE KEYS */;
UNLOCK TABLES;

--
-- Table structure for table `chi_siamos_components`
--

DROP TABLE IF EXISTS `chi_siamos_components`;
/*!40101 SET @saved_cs_client     = @@character_set_client */;
/*!50503 SET character_set_client = utf8mb4 */;
CREATE TABLE `chi_siamos_components` (
  `id` int unsigned NOT NULL AUTO_INCREMENT,
  `entity_id` int unsigned DEFAULT NULL,
  `component_id` int unsigned DEFAULT NULL,
  `component_type` varchar(255) DEFAULT NULL,
  `field` varchar(255) DEFAULT NULL,
  `order` int unsigned DEFAULT '0',
  PRIMARY KEY (`id`),
  KEY `chi_siamos_field_index` (`field`),
  KEY `chi_siamos_component_type_index` (`component_type`),
  KEY `chi_siamos_entity_fk` (`entity_id`),
  CONSTRAINT `chi_siamos_entity_fk` FOREIGN KEY (`entity_id`) REFERENCES `chi_siamos` (`id`) ON DELETE CASCADE
) ENGINE=InnoDB AUTO_INCREMENT=29 DEFAULT CHARSET=utf8mb4 COLLATE=utf8mb4_0900_ai_ci;
/*!40101 SET character_set_client = @saved_cs_client */;

--
-- Dumping data for table `chi_siamos_components`
--

LOCK TABLES `chi_siamos_components` WRITE;
/*!40000 ALTER TABLE `chi_siamos_components` DISABLE KEYS */;
INSERT INTO `chi_siamos_components` VALUES (23,1,2,'global.page-intro','page_intro',1),(24,1,1,'repeater.team','team_1',1),(25,1,2,'repeater.team','team_1',2),(26,1,3,'repeater.team','team_2',1),(27,1,4,'repeater.team','team_2',2),(28,1,5,'repeater.team','team_2',3);
/*!40000 ALTER TABLE `chi_siamos_components` ENABLE KEYS */;
UNLOCK TABLES;

--
-- Table structure for table `components_global_page_intros`
--

DROP TABLE IF EXISTS `components_global_page_intros`;
/*!40101 SET @saved_cs_client     = @@character_set_client */;
/*!50503 SET character_set_client = utf8mb4 */;
CREATE TABLE `components_global_page_intros` (
  `id` int unsigned NOT NULL AUTO_INCREMENT,
  `title` longtext,
  PRIMARY KEY (`id`)
) ENGINE=InnoDB AUTO_INCREMENT=5 DEFAULT CHARSET=utf8mb4 COLLATE=utf8mb4_0900_ai_ci;
/*!40101 SET character_set_client = @saved_cs_client */;

--
-- Dumping data for table `components_global_page_intros`
--

LOCK TABLES `components_global_page_intros` WRITE;
/*!40000 ALTER TABLE `components_global_page_intros` DISABLE KEYS */;
INSERT INTO `components_global_page_intros` VALUES (1,'I nostri servizi'),(2,'Immobiliare Segalerba'),(3,'Contatti'),(4,'Blog');
/*!40000 ALTER TABLE `components_global_page_intros` ENABLE KEYS */;
UNLOCK TABLES;

--
-- Table structure for table `components_home_abouts`
--

DROP TABLE IF EXISTS `components_home_abouts`;
/*!40101 SET @saved_cs_client     = @@character_set_client */;
/*!50503 SET character_set_client = utf8mb4 */;
CREATE TABLE `components_home_abouts` (
  `id` int unsigned NOT NULL AUTO_INCREMENT,
  `title` varchar(255) DEFAULT NULL,
  `text` longtext,
  `button_text` varchar(255) DEFAULT NULL,
  `button_url` varchar(255) DEFAULT NULL,
  PRIMARY KEY (`id`)
) ENGINE=InnoDB AUTO_INCREMENT=2 DEFAULT CHARSET=utf8mb4 COLLATE=utf8mb4_0900_ai_ci;
/*!40101 SET character_set_client = @saved_cs_client */;

--
-- Dumping data for table `components_home_abouts`
--

LOCK TABLES `components_home_abouts` WRITE;
/*!40000 ALTER TABLE `components_home_abouts` DISABLE KEYS */;
INSERT INTO `components_home_abouts` VALUES (1,'Ci mettiamo la faccia','<p>Il nostro team è composto da <strong>professionisti</strong> con una profonda <strong>conoscenza del mercato</strong> in grado di aiutarti a raggiungere i tuoi obiettivi di vendita o di acquisto.</p>\n<p>Da oltre 15 anni ci contraddistinguono l’<strong>innovazione, la correttezza e la serietà.</strong></p>\n<p><strong>L’affidabilita</strong> di Immobiliare Segalerba è testimoniata anche dalle certificazioni conseguite e dalle numerose consulenze affidateci dai tribunali regionali.</p>\n<p>La nostra squadra ti seguirà in tutti i passaggi della compravendita immobiliare garantendoti <strong>sicurezza, trasparenza e rapidità</strong>.</p>','Conosci il nostro team','/chi-siamo');
/*!40000 ALTER TABLE `components_home_abouts` ENABLE KEYS */;
UNLOCK TABLES;

--
-- Table structure for table `components_home_banners`
--

DROP TABLE IF EXISTS `components_home_banners`;
/*!40101 SET @saved_cs_client     = @@character_set_client */;
/*!50503 SET character_set_client = utf8mb4 */;
CREATE TABLE `components_home_banners` (
  `id` int unsigned NOT NULL AUTO_INCREMENT,
  `title` varchar(255) DEFAULT NULL,
  `text` longtext,
  PRIMARY KEY (`id`)
) ENGINE=InnoDB AUTO_INCREMENT=2 DEFAULT CHARSET=utf8mb4 COLLATE=utf8mb4_0900_ai_ci;
/*!40101 SET character_set_client = @saved_cs_client */;

--
-- Dumping data for table `components_home_banners`
--

LOCK TABLES `components_home_banners` WRITE;
/*!40000 ALTER TABLE `components_home_banners` DISABLE KEYS */;
INSERT INTO `components_home_banners` VALUES (1,'Il mutuo a portata di tasca','        <p>\n          I nostri <strong>credit specialist</strong> ti aiuteranno ad\n          individuare <strong>il mutuo per l’acquisto di casa</strong> più\n          adatto grazie alle convenzioni con 16 tra le più importanti banche\n          italiane.\n        </p>\n        <p>\n          <strong>Scopri il servizio gratuito</strong> di prequalifica e ottieni\n          con più rapidità il tuo prossimo mutuo!\n        </p>\n');
/*!40000 ALTER TABLE `components_home_banners` ENABLE KEYS */;
UNLOCK TABLES;

--
-- Table structure for table `components_home_home_intros`
--

DROP TABLE IF EXISTS `components_home_home_intros`;
/*!40101 SET @saved_cs_client     = @@character_set_client */;
/*!50503 SET character_set_client = utf8mb4 */;
CREATE TABLE `components_home_home_intros` (
  `id` int unsigned NOT NULL AUTO_INCREMENT,
  `title` varchar(255) DEFAULT NULL,
  `subtitle` varchar(255) DEFAULT NULL,
  PRIMARY KEY (`id`)
) ENGINE=InnoDB AUTO_INCREMENT=2 DEFAULT CHARSET=utf8mb4 COLLATE=utf8mb4_0900_ai_ci;
/*!40101 SET character_set_client = @saved_cs_client */;

--
-- Dumping data for table `components_home_home_intros`
--

LOCK TABLES `components_home_home_intros` WRITE;
/*!40000 ALTER TABLE `components_home_home_intros` DISABLE KEYS */;
INSERT INTO `components_home_home_intros` VALUES (1,'Immobiliare Segalerba','Raggiungi i tuoi obiettivi  in modo rapido e sicuro');
/*!40000 ALTER TABLE `components_home_home_intros` ENABLE KEYS */;
UNLOCK TABLES;

--
-- Table structure for table `components_home_latest_posts`
--

DROP TABLE IF EXISTS `components_home_latest_posts`;
/*!40101 SET @saved_cs_client     = @@character_set_client */;
/*!50503 SET character_set_client = utf8mb4 */;
CREATE TABLE `components_home_latest_posts` (
  `id` int unsigned NOT NULL AUTO_INCREMENT,
  `title` varchar(255) DEFAULT NULL,
  `button_text` varchar(255) DEFAULT NULL,
  `posts_ids` varchar(255) DEFAULT NULL,
  PRIMARY KEY (`id`)
) ENGINE=InnoDB AUTO_INCREMENT=2 DEFAULT CHARSET=utf8mb4 COLLATE=utf8mb4_0900_ai_ci;
/*!40101 SET character_set_client = @saved_cs_client */;

--
-- Dumping data for table `components_home_latest_posts`
--

LOCK TABLES `components_home_latest_posts` WRITE;
/*!40000 ALTER TABLE `components_home_latest_posts` DISABLE KEYS */;
INSERT INTO `components_home_latest_posts` VALUES (1,'Blog','Vedi tutti i post','1,2,3');
/*!40000 ALTER TABLE `components_home_latest_posts` ENABLE KEYS */;
UNLOCK TABLES;

--
-- Table structure for table `components_repeater_certificate_items`
--

DROP TABLE IF EXISTS `components_repeater_certificate_items`;
/*!40101 SET @saved_cs_client     = @@character_set_client */;
/*!50503 SET character_set_client = utf8mb4 */;
CREATE TABLE `components_repeater_certificate_items` (
  `id` int unsigned NOT NULL AUTO_INCREMENT,
  `title` varchar(255) DEFAULT NULL,
  `text` longtext,
  PRIMARY KEY (`id`)
) ENGINE=InnoDB AUTO_INCREMENT=3 DEFAULT CHARSET=utf8mb4 COLLATE=utf8mb4_0900_ai_ci;
/*!40101 SET character_set_client = @saved_cs_client */;

--
-- Dumping data for table `components_repeater_certificate_items`
--

LOCK TABLES `components_repeater_certificate_items` WRITE;
/*!40000 ALTER TABLE `components_repeater_certificate_items` DISABLE KEYS */;
INSERT INTO `components_repeater_certificate_items` VALUES (1,'Certificazione di qualità<br> ISO 9001','<p>Il nostro metodo di lavoro è orientato alla massima <strong>soddisfazione dei nostri clienti</strong>: per questo abbiamo ottenuto la <strong>certificazione di qualità ISO 9001</strong>.</p>\n'),(2,'Federazione Italiana Agenti<br> Immobiliari Professionali','<div class=\"certificates_text\"><p>Siamo associati a FIAIP – <em>Federazione italiana agenti immobiliari professionali</em>, che collabora con le principali associazioni dei consumatori per <strong>garantire trasparenza e patti chiari</strong>.</p>\n</div>');
/*!40000 ALTER TABLE `components_repeater_certificate_items` ENABLE KEYS */;
UNLOCK TABLES;

--
-- Table structure for table `components_repeater_features`
--

DROP TABLE IF EXISTS `components_repeater_features`;
/*!40101 SET @saved_cs_client     = @@character_set_client */;
/*!50503 SET character_set_client = utf8mb4 */;
CREATE TABLE `components_repeater_features` (
  `id` int unsigned NOT NULL AUTO_INCREMENT,
  `icon` longtext,
  `title` varchar(255) DEFAULT NULL,
  `text` longtext,
  `url` varchar(255) DEFAULT NULL,
  PRIMARY KEY (`id`)
) ENGINE=InnoDB AUTO_INCREMENT=4 DEFAULT CHARSET=utf8mb4 COLLATE=utf8mb4_0900_ai_ci;
/*!40101 SET character_set_client = @saved_cs_client */;

--
-- Dumping data for table `components_repeater_features`
--

LOCK TABLES `components_repeater_features` WRITE;
/*!40000 ALTER TABLE `components_repeater_features` DISABLE KEYS */;
INSERT INTO `components_repeater_features` VALUES (1,'<svg width=\"130\" height=\"106\" viewBox=\"0 0 130 106\" fill=\"none\" xmlns=\"http://www.w3.org/2000/svg\">\n<path d=\"M108.118 43.2837V98.8349H22.9202V43.2837C22.9202 43.0075 22.6963 42.7837 22.4202 42.7837H16.8203C16.5442 42.7837 16.3203 43.0075 16.3203 43.2837V102.136C16.3203 103.958 17.7977 105.436 19.6202 105.436H111.418C113.24 105.436 114.718 103.958 114.718 102.136V43.2837C114.718 43.0075 114.494 42.7837 114.218 42.7837H108.618C108.342 42.7837 108.118 43.0075 108.118 43.2837Z\" fill=\"#FF8D00\" stroke=\"#FF8D00\" stroke-linejoin=\"round\"></path>\n<path d=\"M66.6027 1.41579L66.6026 1.41575C65.6053 0.861456 64.3927 0.861344 63.396 1.41585L0.757044 36.2404C0.515701 36.3746 0.428819 36.679 0.562985 36.9203L3.28371 41.8146C3.34814 41.9305 3.45598 42.0161 3.5835 42.0525C3.71102 42.0889 3.84777 42.0731 3.96368 42.0087L64.999 8.07591L126.034 42.0087C126.15 42.0731 126.287 42.0889 126.414 42.0525C126.542 42.0161 126.65 41.9305 126.714 41.8146L129.435 36.9203C129.569 36.679 129.482 36.3746 129.241 36.2404L66.6027 1.41579Z\" fill=\"#FF8D00\" stroke=\"#FF8D00\" stroke-linejoin=\"round\"></path>\n<path d=\"M75.3003 56.2666L68.2469 49.2124L68.2468 49.2123C67.0012 47.9667 64.8255 47.9667 63.5798 49.2123L44.2068 68.5854V44.506C44.2068 44.2299 43.9829 44.006 43.7068 44.006H38.1069C37.8308 44.006 37.6069 44.2299 37.6069 44.506V76.5523C37.6069 78.3748 39.0844 79.8522 40.9069 79.8522H91.3734C91.6496 79.8522 91.8734 79.6284 91.8734 79.3522V73.7524C91.8734 73.4763 91.6496 73.2524 91.3734 73.2524H48.8738L65.9133 56.2128L72.9668 63.267L73.3203 62.9135L72.9668 63.2671C73.5862 63.8865 74.4254 64.2335 75.3003 64.2335C76.1754 64.2335 77.0144 63.8855 77.6335 63.2673L77.6338 63.2671L93.2413 47.6595C93.4366 47.4642 93.4366 47.1477 93.2413 46.9524L89.2815 42.9925C89.1877 42.8987 89.0605 42.8461 88.9279 42.8461C88.7953 42.8461 88.6681 42.8987 88.5743 42.9925L75.3003 56.2666Z\" fill=\"#FF8D00\" stroke=\"#FF8D00\" stroke-linejoin=\"round\"></path>\n</svg>','Ci mettiamo la firma','  <p>Diamo a chi vende casa la <strong>certezza del valore</strong>.</p>\n<p>A chi acquista garantiamo la <strong>regolarità</strong> e la <strong>trasferibilità</strong> dell’immobile.</p>\n<p>Raggiungiamo questi obiettivi predispondendo per ogni proprietà:</p>\n<ul>\n<li>Valutazione immobiliare scritta;</li>\n<li>Relazione notarile;</li>\n<li>Relazione urbanistica ed edilizia;</li>\n<li>Fascicolo dei documenti con accesso agli atti.</li>\n</ul>\n<p>In questo modo i nostri clienti possono <strong>vendere o acquistare in tutta tranquillità</strong> e senza nessun costo aggiuntivo.</p>','/servizi'),(2,'<svg width=\"113\" height=\"99\" viewBox=\"0 0 113 99\" fill=\"none\" xmlns=\"http://www.w3.org/2000/svg\">\n<path d=\"M76.9505 40.4083L62.6201 26.0779C61.9624 25.4204 61.0705 25.051 60.1406 25.051C59.2106 25.051 58.3187 25.4204 57.661 26.0779L43.3271 40.4083L36.7511 46.9842C36.1122 47.6457 35.7587 48.5316 35.7667 49.4512C35.7747 50.3708 36.1436 51.2504 36.7938 51.9007C37.4441 52.5509 38.3237 52.9198 39.2433 52.9278C40.1629 52.9358 41.0488 52.5823 41.7103 51.9434L42.303 51.3542V63.6294C42.303 64.5595 42.6725 65.4516 43.3302 66.1093C43.9879 66.767 44.88 67.1365 45.8102 67.1365H74.4709C75.4011 67.1365 76.2932 66.767 76.9509 66.1093C77.6086 65.4516 77.9781 64.5595 77.9781 63.6294V51.3542L78.5708 51.9434C79.2323 52.5823 80.1182 52.9358 81.0378 52.9278C81.9574 52.9198 82.837 52.5509 83.4873 51.9007C84.1375 51.2504 84.5064 50.3708 84.5144 49.4512C84.5224 48.5316 84.1689 47.6457 83.53 46.9842L76.954 40.4083H76.9505ZM70.9637 60.1222H63.6477V56.3975C63.6477 55.4674 63.2782 54.5753 62.6205 53.9176C61.9628 53.2598 61.0707 52.8903 60.1406 52.8903C59.2104 52.8903 58.3183 53.2598 57.6606 53.9176C57.0029 54.5753 56.6334 55.4674 56.6334 56.3975V60.1222H49.3174V44.3398L60.1406 33.5272L70.9637 44.3538V60.1222Z\" fill=\"#FF8D00\"></path>\n<path d=\"M109.241 0.5H11.0399C8.24938 0.5 5.57318 1.60852 3.60001 3.5817C1.62683 5.55487 0.518311 8.23108 0.518311 11.0216L0.518311 94.6119C0.518311 95.5421 0.887817 96.4342 1.54554 97.0919C2.20327 97.7496 3.09534 98.1191 4.0255 98.1191C4.95566 98.1191 5.84773 97.7496 6.50546 97.0919C7.16318 96.4342 7.53269 95.5421 7.53269 94.6119V11.0216C7.53269 10.0914 7.9022 9.19934 8.55992 8.54161C9.21765 7.88389 10.1097 7.51438 11.0399 7.51438H32.083V11.0216H28.5758C25.7853 11.0216 23.1091 12.1301 21.136 14.1033C19.1628 16.0764 18.0543 18.7526 18.0543 21.5431V70.7525C18.0543 73.543 19.1628 76.2192 21.136 78.1924C23.1091 80.1656 25.7853 81.2741 28.5758 81.2741H88.198C90.9885 81.2741 93.6647 80.1656 95.6379 78.1924C97.6111 76.2192 98.7196 73.543 98.7196 70.7525V21.5431C98.7196 18.7526 97.6111 16.0764 95.6379 14.1033C93.6647 12.1301 90.9885 11.0216 88.198 11.0216H84.6909V7.51438H109.241C110.171 7.51438 111.063 7.14487 111.721 6.48715C112.379 5.82942 112.748 4.93735 112.748 4.00719C112.748 3.07702 112.379 2.18496 111.721 1.52723C111.063 0.869506 110.171 0.5 109.241 0.5ZM91.7052 21.5431V70.7525C91.7052 71.6827 91.3357 72.5747 90.678 73.2325C90.0203 73.8902 89.1282 74.2597 88.198 74.2597H28.5758C27.6457 74.2597 26.7536 73.8902 26.0959 73.2325C25.4381 72.5747 25.0686 71.6827 25.0686 70.7525V21.5431C25.0686 20.613 25.4381 19.7209 26.0959 19.0632C26.7536 18.4055 27.6457 18.0359 28.5758 18.0359H88.198C89.1282 18.0359 90.0203 18.4055 90.678 19.0632C91.3357 19.7209 91.7052 20.613 91.7052 21.5431ZM77.6765 11.0216H39.0974V7.51438H77.6765V11.0216Z\" fill=\"#FF8D00\"></path>\n</svg>','Diamo smalto alla tua casa',' <p><strong>Facilitiamo la vendita</strong> del tuo immobile valorizzandolo con le tecniche più moderne ed efficaci:</p>\n<ul>\n<li><strong>home staging</strong>;</li>\n<li><strong>open house</strong>;</li>\n<li><strong>video di presentazione</strong>;</li>\n<li><strong>foto di qualità</strong> con percorso immersivo.</li>\n</ul>','/servizi'),(3,'<svg width=\"84\" height=\"99\" viewBox=\"0 0 84 99\" fill=\"none\" xmlns=\"http://www.w3.org/2000/svg\">\n    <path d=\"M39.7248 0.5C17.8203 0.5 0 18.3203 0 40.2248C0 49.4797 4.86168 60.5006 14.4509 72.9809C24.3788 85.9032 35.601 95.4495 38.8065 98.0678C39.1595 98.357 39.5884 98.5 40.0173 98.5C40.4857 98.5 40.9542 98.3285 41.3215 97.9909C44.6975 94.8601 53.1804 86.706 61.5369 76.3404L69.3545 84.158C69.713 84.5176 70.2001 84.7199 70.7082 84.7199C71.2173 84.7199 71.7034 84.5176 72.063 84.158L82.4638 73.7529C83.2104 73.0051 83.2104 71.7921 82.4638 71.0443L72.3643 60.9427C77.0654 52.9282 79.4484 45.964 79.4484 40.2259C79.4495 18.3203 61.6293 0.5 39.7248 0.5ZM50.8161 62.0765C47.4423 63.7986 43.6407 64.7091 39.8215 64.7091C32.2217 64.7091 25.2013 61.2473 20.5607 55.2068C19.8921 54.3391 19.2763 53.4099 18.7253 52.4411C16.6513 48.8078 15.5549 44.6587 15.5549 40.4403C15.5549 27.0594 26.4407 16.1726 39.8204 16.1726C53.2035 16.1726 64.0892 27.0594 64.0892 40.4403C64.0892 44.7642 62.9346 49.009 60.755 52.7182C59.0186 55.6675 56.6268 58.2716 53.8369 60.2499C52.8703 60.9372 51.8575 61.5497 50.8216 62.071L50.8194 62.0732C50.8194 62.0732 50.8183 62.0765 50.8161 62.0765ZM70.7071 80.0947L62.7872 72.1737C62.7674 72.1528 62.7498 72.1308 62.7289 72.111L54.8178 64.2032C55.2379 63.9382 55.6492 63.6611 56.055 63.3741C58.6172 61.5574 60.8892 59.2833 62.7223 56.7155L68.599 62.5966C68.6089 62.6054 68.6199 62.6142 68.6276 62.6219L78.4004 72.3969L70.7071 80.0947ZM64.7809 53.3549C66.8384 49.3807 67.9194 44.9468 67.9194 40.4414C67.9194 24.948 55.3149 12.3435 39.8215 12.3435C24.3304 12.3435 11.7237 24.948 11.7237 40.4414C11.7237 45.324 12.9949 50.1307 15.3966 54.338C16.0322 55.4564 16.7492 56.5363 17.5234 57.5436C22.8931 64.532 31.0197 68.5404 39.8204 68.5404C43.7716 68.5404 47.7073 67.6969 51.2901 66.0936L58.813 73.6154C51.4067 82.8483 43.8508 90.3327 39.9392 94.0309C26.7398 82.9176 3.83018 58.8357 3.83018 40.2248C3.83018 20.4328 19.9317 4.33018 39.7248 4.33018C59.5157 4.33018 75.6172 20.4328 75.6172 40.2248C75.6172 45.0798 73.5839 51.0984 69.5623 58.1396L64.7809 53.3549Z\" fill=\"#FF8D00\"></path>\n    <path d=\"M51.7091 53.3384C52.2128 53.3384 52.6988 53.1393 53.0551 52.7841C53.418 52.4256 53.6226 51.9363 53.6237 51.4271L53.6479 39.1921L55.061 40.3006C55.4128 40.5755 55.8285 40.7085 56.2409 40.7085C56.8105 40.7085 57.3725 40.4567 57.7508 39.9751C58.4018 39.1426 58.2566 37.9385 57.4242 37.2864L50.13 31.5658V26.4996C50.13 25.4417 49.2711 24.584 48.2144 24.584C47.1576 24.584 46.2998 25.4417 46.2998 26.4996V28.5626L43.8882 26.6712L40.9213 24.242C40.2274 23.6734 39.2311 23.6635 38.5262 24.2167L35.7781 26.372C35.7605 26.3852 35.7429 26.3951 35.7253 26.4083L22.0926 37.1027C21.259 37.7548 21.1139 38.959 21.7671 39.7914C22.1443 40.2731 22.7073 40.5249 23.2759 40.5249C23.6893 40.5249 24.105 40.3918 24.4558 40.1169L25.3499 39.4164L25.3092 51.2226C25.3037 52.2761 26.1537 53.136 27.2072 53.1437L51.6926 53.3394C51.6981 53.3383 51.7036 53.3384 51.7091 53.3384ZM49.7979 49.4928L40.1064 49.4147C40.1768 49.4004 40.2428 49.385 40.3 49.3608C40.4583 49.2959 40.576 49.1761 40.6574 48.9968C40.7453 48.8231 40.7827 48.5086 40.7827 48.0643V46.8491C41.5976 46.6589 42.286 46.263 42.8556 45.667C43.4297 45.0743 43.7134 44.2781 43.7134 43.2906C43.7134 42.6176 43.5836 42.059 43.323 41.6092C43.0624 41.1583 42.7424 40.8438 42.3619 40.6646C41.9825 40.4864 41.5646 40.3347 41.1104 40.1994C40.6519 40.063 40.2307 39.9707 39.8502 39.9113C39.4708 39.8574 39.1497 39.743 38.8891 39.5693C38.6274 39.401 38.4987 39.1734 38.4987 38.8974C38.4987 38.6148 38.6087 38.3981 38.8242 38.2398C39.0408 38.0825 39.3114 38.0011 39.6435 38.0011C39.9679 38.0011 40.2472 38.0715 40.4583 38.2079C40.5386 38.2618 40.62 38.3266 40.7069 38.4036C40.7937 38.4795 40.918 38.5719 41.0763 38.6851C41.238 38.7995 41.4282 38.8589 41.6559 38.8589C42.0144 38.8589 42.3399 38.6357 42.6379 38.1914C42.937 37.7471 43.0899 37.4326 43.0899 37.2424C43.0899 37.0521 42.9282 36.808 42.6115 36.5155L42.5345 36.4616L42.3608 36.3098C42.2475 36.2175 42.0463 36.1031 41.7537 35.9678C41.4601 35.826 41.1412 35.7171 40.7816 35.6412V34.5767C40.7816 34.2556 40.7717 34.017 40.7442 33.8488C40.7167 33.686 40.62 33.5288 40.4528 33.3825C40.278 33.2362 40.0229 33.1648 39.6809 33.1648C39.1321 33.1648 38.7967 33.3165 38.6713 33.6211C38.5966 33.8103 38.5581 34.1193 38.5581 34.5537V35.617C37.7069 35.7963 37.0394 36.1922 36.5556 36.8003C36.0783 37.4084 35.8342 38.0913 35.8342 38.8567C35.8342 39.6155 36.0134 40.2456 36.3675 40.7393C36.7249 41.2331 37.1527 41.5806 37.664 41.7862C38.1677 41.9875 38.6779 42.1502 39.1827 42.269C39.6929 42.3933 40.1262 42.5296 40.4781 42.6814C40.8311 42.8342 41.0115 43.0498 41.0115 43.328C41.0115 44.1033 40.5441 44.4892 39.6061 44.4892C39.1057 44.4892 38.6681 44.2506 38.2711 43.7668C37.7663 43.2565 37.3715 43.0014 37.0823 43.0014C36.7953 43.0014 36.5303 43.1267 36.2752 43.3654C35.8397 43.7821 35.6285 44.1187 35.6285 44.3738C35.6285 44.6289 35.7594 44.9269 36.0244 45.2689L36.2752 45.59C36.4368 45.7968 36.7304 46.0299 37.1472 46.296C37.5662 46.5621 38.0379 46.7513 38.5592 46.8656V48.0489C38.5592 48.4778 38.6032 48.8033 38.6889 49.0199C38.7538 49.1827 38.8627 49.2959 39.0254 49.3619C39.0705 49.3817 39.1222 49.3949 39.1761 49.4081L29.147 49.3278L29.191 36.4066L39.682 28.1766L41.3733 29.5622C41.3909 29.5765 41.4062 29.5919 41.4238 29.6062L41.4942 29.6612L49.8265 36.4858L49.7979 49.4928Z\" fill=\"#FF8D00\"></path>\n</svg>','E se ancora non bastasse…',' <p>Immobiliare Segalerba ti offre numerosi servizi qualificati tra cui:</p>\n<ul>\n<li>perizie;</li>\n<li>consulenze contrattuali;</li>\n<li>certificazioni e documenti catastali;</li>\n<li>accompagnamento al rogito;</li>\n<li>gestione del patrimonio immobiliare.</li>\n<li>registrazione telmatica dei contratti di locazione;</li>\n<li>firma elettronica avanzata per azzerare le distanze.</li>\n</ul>','/servizi');
/*!40000 ALTER TABLE `components_repeater_features` ENABLE KEYS */;
UNLOCK TABLES;

--
-- Table structure for table `components_repeater_servizi_items`
--

DROP TABLE IF EXISTS `components_repeater_servizi_items`;
/*!40101 SET @saved_cs_client     = @@character_set_client */;
/*!50503 SET character_set_client = utf8mb4 */;
CREATE TABLE `components_repeater_servizi_items` (
  `id` int unsigned NOT NULL AUTO_INCREMENT,
  `title` varchar(255) DEFAULT NULL,
  `text` longtext,
  PRIMARY KEY (`id`)
) ENGINE=InnoDB AUTO_INCREMENT=4 DEFAULT CHARSET=utf8mb4 COLLATE=utf8mb4_0900_ai_ci;
/*!40101 SET character_set_client = @saved_cs_client */;

--
-- Dumping data for table `components_repeater_servizi_items`
--

LOCK TABLES `components_repeater_servizi_items` WRITE;
/*!40000 ALTER TABLE `components_repeater_servizi_items` DISABLE KEYS */;
INSERT INTO `components_repeater_servizi_items` VALUES (1,'Se cerchi casa a Genova non affidarti al caso','<p>Quando si deve acquistare un immobile è necessario effettuare, insieme al venditore o all’acquirente, una serie di <strong>analisi dettagliate e circostanziate</strong> che devono partire dalla zona di ubicazione del bene, dalla tipologia di casa ed alle sue dimensioni, alla qualità e stile architettonico del palazzo, all’esposizione ed al prezzo che si intende pagare o realizzare. <strong>Conosciamo le variabili del mercato immobiliare, perché ne percepiamo le sensibilità</strong>. Solo dopo un’<strong>attenta fase di studio</strong> sapremo indicarti la strada <strong>per raggiungere il tuo obiettivo</strong>.</p>'),(2,'Compravendita in tutta sicurezza','<p>La nostra attività parte dalla <strong>raccolta degli elementi documentali dell’immobile</strong>, dalla loro <strong>verifica ed analisi</strong>, e dalla <strong>predisposizione della “Certificazione Notarile” </strong>e della<strong> “Relazione Tecnica Urbanistico/Catastale”</strong>. Elementi non necessari, ma <strong>indispensabili ed imprescindibili</strong> per il nostro modo di lavorare. Documenti ai quali non rinunciamo e che mostriamo al cliente interessato all’immobile affinchè la trattativa sia svolta con la <strong>tranquillità</strong> di un <strong>acquisto sicuro</strong>, indipendentemente dall’esito finale dell’atto negoziale.</p>'),(3,'Vuoi affittare casa o un immobile commerciale a Genova?','<p><strong>Dedichiamo impegno ed attenzione alla locazione degli immobili</strong>, siano essi abitativi o commerciali, e la nostra attività non si limita alla ricerca dell’inquilino ed alla predisposizione del contratto di locazione. Registriamo i contratti telematicamente, ci occupiamo della comunicazione IMU, e siamo a disposizione per gestioni patrimoniali, proroghe, risoluzioni anticipate, subentri, ravvedimenti operosi, calcolo degli interessi legali sul deposito cauzionale, consulenza inerente alle agevolazioni fiscali, ripartizione spese locatore/conduttore. Insomma, <strong>tutto quello che ruota attorno agli immobili da noi lo trovi</strong>.</p>');
/*!40000 ALTER TABLE `components_repeater_servizi_items` ENABLE KEYS */;
UNLOCK TABLES;

--
-- Table structure for table `components_repeater_socials`
--

DROP TABLE IF EXISTS `components_repeater_socials`;
/*!40101 SET @saved_cs_client     = @@character_set_client */;
/*!50503 SET character_set_client = utf8mb4 */;
CREATE TABLE `components_repeater_socials` (
  `id` int unsigned NOT NULL AUTO_INCREMENT,
  `social_label` varchar(255) DEFAULT NULL,
  `url` varchar(255) DEFAULT NULL,
  PRIMARY KEY (`id`)
) ENGINE=InnoDB AUTO_INCREMENT=16 DEFAULT CHARSET=utf8mb4 COLLATE=utf8mb4_0900_ai_ci;
/*!40101 SET character_set_client = @saved_cs_client */;

--
-- Dumping data for table `components_repeater_socials`
--

LOCK TABLES `components_repeater_socials` WRITE;
/*!40000 ALTER TABLE `components_repeater_socials` DISABLE KEYS */;
INSERT INTO `components_repeater_socials` VALUES (1,'phone','tel:3357221219'),(2,'email','mailto:fabrizio@immobiliaresegalerba.it'),(3,'linkedin','https://www.linkedin.com/in/massimo-segalerba/'),(4,'phone','tel:3357221218'),(5,'email','mailto:max@immobiliaresegalerba.it'),(6,'linkedin','https://www.linkedin.com/in/fabrizio-segalerba-81720937/'),(7,'phone','tel:3468166696'),(8,'email','mailto:evita@immobiliaresegalerba.it'),(9,'linkedin','https://www.linkedin.com/in/evita-carnicella-2001a8171'),(10,'phone','tel:3495060163'),(11,'email','mailto:info@immobiliaresegalerba.it'),(12,'linkedin','https://www.linkedin.com/in/valeria-gava-1349ab68/'),(13,'phone','tel:3921506951'),(14,'email','mailto:matteo@immobiliaresegalerba.it'),(15,'linkedin','https://www.linkedin.com/in/matteo-scaniglia-4461a5166/');
/*!40000 ALTER TABLE `components_repeater_socials` ENABLE KEYS */;
UNLOCK TABLES;

--
-- Table structure for table `components_repeater_teams`
--

DROP TABLE IF EXISTS `components_repeater_teams`;
/*!40101 SET @saved_cs_client     = @@character_set_client */;
/*!50503 SET character_set_client = utf8mb4 */;
CREATE TABLE `components_repeater_teams` (
  `id` int unsigned NOT NULL AUTO_INCREMENT,
  `title` varchar(255) DEFAULT NULL,
  `tag` varchar(255) DEFAULT NULL,
  `text` longtext,
  PRIMARY KEY (`id`)
) ENGINE=InnoDB AUTO_INCREMENT=6 DEFAULT CHARSET=utf8mb4 COLLATE=utf8mb4_0900_ai_ci;
/*!40101 SET character_set_client = @saved_cs_client */;

--
-- Dumping data for table `components_repeater_teams`
--

LOCK TABLES `components_repeater_teams` WRITE;
/*!40000 ALTER TABLE `components_repeater_teams` DISABLE KEYS */;
INSERT INTO `components_repeater_teams` VALUES (1,'Fabrizio Segalerba','Coo','Agente immobiliare e titolare, insieme al fratello Massimo, dell’omonima\n              agenzia dal 1994. Dal 2017 ricopre l’incarico istituzionale di Segretario Nazionale della FIAIP\n              (Federazione Italiana Agenti Immobiliari Professionali). Fabrizio è un perfezionista, ama l’arte e la\n              storia. Crede nella collaborazione tra agenti ed è un sostenitore della condivisione di esperienze come\n              strumento per migliorare il rapporto tra cliente e agente immobiliare.'),(2,'Massimo Segalerba','Agente immobiliare','Agente immobiliare e titolare dell’omonima agenzia insieme al fratello\n              Fabrizio. Dal 2017 è Consigliere Provinciale FIAIP (Federazione Italiana Agenti Immobiliari\n              Professionali). Massimo è molto attento alle innovazioni tecnologiche che investono il settore\n              immobiliare, convinto che il loro utilizzo possa migliorare la sicurezza e la trasparenza nella\n              compravendita.'),(3,'Evita Carnicella','Agente immobiliare','Laureata in economia e commercio, approda all’immobiliare dopo un’esperienza ad\n              indirizzo fiscale-tributario. Specializzata in CTU in materia bancaria. Nell’immobiliare e nel contatto\n              con le persone ha trovato spazio la sua anima umanistica. Evita è madre di 3 figli ed una infaticabile\n              runner.'),(4,'Valeria Gava','Agente immobiliare','Laureata in Grafica Design presso l’Accademia Ligustica di Belle Arti di\n              Genova, ha vissuto tre anni tra Spagna e Irlanda. Dopo un anno nel real estate milanese rientra a\n              Genova. Oggi Valeria è coordinatrice d’agenzia e gestisce il front-office. Pittura e fotografia occupano\n              il suo tempo libero.'),(5,'Matteo Scaniglia','Agente immobiliare','Geometra con all’attivo un’esperienza formativa di un anno nel real estate USA.\n              Superato l’esame abilitativo OAM, oggi è Consulente del Credito di Auxilia Finance per supportare i\n              clienti nella scelta del miglior mutuo. E’ Agente Immobiliare abilitato.');
/*!40000 ALTER TABLE `components_repeater_teams` ENABLE KEYS */;
UNLOCK TABLES;

--
-- Table structure for table `components_repeater_teams_agente_tags_links`
--

DROP TABLE IF EXISTS `components_repeater_teams_agente_tags_links`;
/*!40101 SET @saved_cs_client     = @@character_set_client */;
/*!50503 SET character_set_client = utf8mb4 */;
CREATE TABLE `components_repeater_teams_agente_tags_links` (
  `id` int unsigned NOT NULL AUTO_INCREMENT,
  `team_id` int unsigned DEFAULT NULL,
  `agente_tag_id` int unsigned DEFAULT NULL,
  PRIMARY KEY (`id`),
  KEY `components_repeater_teams_agente_tags_links_fk` (`team_id`),
  KEY `components_repeater_teams_agente_tags_links_inv_fk` (`agente_tag_id`),
  CONSTRAINT `components_repeater_teams_agente_tags_links_fk` FOREIGN KEY (`team_id`) REFERENCES `components_repeater_teams` (`id`) ON DELETE CASCADE,
  CONSTRAINT `components_repeater_teams_agente_tags_links_inv_fk` FOREIGN KEY (`agente_tag_id`) REFERENCES `agente_tags` (`id`) ON DELETE CASCADE
) ENGINE=InnoDB AUTO_INCREMENT=22 DEFAULT CHARSET=utf8mb4 COLLATE=utf8mb4_0900_ai_ci;
/*!40101 SET character_set_client = @saved_cs_client */;

--
-- Dumping data for table `components_repeater_teams_agente_tags_links`
--

LOCK TABLES `components_repeater_teams_agente_tags_links` WRITE;
/*!40000 ALTER TABLE `components_repeater_teams_agente_tags_links` DISABLE KEYS */;
INSERT INTO `components_repeater_teams_agente_tags_links` VALUES (16,1,1),(17,1,2),(18,2,3),(19,3,1),(20,5,5),(21,4,4);
/*!40000 ALTER TABLE `components_repeater_teams_agente_tags_links` ENABLE KEYS */;
UNLOCK TABLES;

--
-- Table structure for table `components_repeater_teams_components`
--

DROP TABLE IF EXISTS `components_repeater_teams_components`;
/*!40101 SET @saved_cs_client     = @@character_set_client */;
/*!50503 SET character_set_client = utf8mb4 */;
CREATE TABLE `components_repeater_teams_components` (
  `id` int unsigned NOT NULL AUTO_INCREMENT,
  `entity_id` int unsigned DEFAULT NULL,
  `component_id` int unsigned DEFAULT NULL,
  `component_type` varchar(255) DEFAULT NULL,
  `field` varchar(255) DEFAULT NULL,
  `order` int unsigned DEFAULT '0',
  PRIMARY KEY (`id`),
  KEY `components_repeater_teams_field_index` (`field`),
  KEY `components_repeater_teams_component_type_index` (`component_type`),
  KEY `components_repeater_teams_entity_fk` (`entity_id`),
  CONSTRAINT `components_repeater_teams_entity_fk` FOREIGN KEY (`entity_id`) REFERENCES `components_repeater_teams` (`id`) ON DELETE CASCADE
) ENGINE=InnoDB AUTO_INCREMENT=31 DEFAULT CHARSET=utf8mb4 COLLATE=utf8mb4_0900_ai_ci;
/*!40101 SET character_set_client = @saved_cs_client */;

--
-- Dumping data for table `components_repeater_teams_components`
--

LOCK TABLES `components_repeater_teams_components` WRITE;
/*!40000 ALTER TABLE `components_repeater_teams_components` DISABLE KEYS */;
INSERT INTO `components_repeater_teams_components` VALUES (16,1,1,'repeater.socials','socials',1),(17,1,2,'repeater.socials','socials',2),(18,1,6,'repeater.socials','socials',3),(19,2,4,'repeater.socials','socials',1),(20,2,5,'repeater.socials','socials',2),(21,2,3,'repeater.socials','socials',3),(22,3,7,'repeater.socials','socials',1),(23,3,8,'repeater.socials','socials',2),(24,3,9,'repeater.socials','socials',3),(25,5,13,'repeater.socials','socials',1),(26,5,14,'repeater.socials','socials',2),(27,5,15,'repeater.socials','socials',3),(28,4,10,'repeater.socials','socials',1),(29,4,11,'repeater.socials','socials',2),(30,4,12,'repeater.socials','socials',3);
/*!40000 ALTER TABLE `components_repeater_teams_components` ENABLE KEYS */;
UNLOCK TABLES;

--
-- Table structure for table `contattis`
--

DROP TABLE IF EXISTS `contattis`;
/*!40101 SET @saved_cs_client     = @@character_set_client */;
/*!50503 SET character_set_client = utf8mb4 */;
CREATE TABLE `contattis` (
  `id` int unsigned NOT NULL AUTO_INCREMENT,
  `created_at` datetime(6) DEFAULT NULL,
  `updated_at` datetime(6) DEFAULT NULL,
  `created_by_id` int unsigned DEFAULT NULL,
  `updated_by_id` int unsigned DEFAULT NULL,
  PRIMARY KEY (`id`),
  KEY `contattis_created_by_id_fk` (`created_by_id`),
  KEY `contattis_updated_by_id_fk` (`updated_by_id`),
  CONSTRAINT `contattis_created_by_id_fk` FOREIGN KEY (`created_by_id`) REFERENCES `admin_users` (`id`) ON DELETE SET NULL,
  CONSTRAINT `contattis_updated_by_id_fk` FOREIGN KEY (`updated_by_id`) REFERENCES `admin_users` (`id`) ON DELETE SET NULL
) ENGINE=InnoDB AUTO_INCREMENT=2 DEFAULT CHARSET=utf8mb4 COLLATE=utf8mb4_0900_ai_ci;
/*!40101 SET character_set_client = @saved_cs_client */;

--
-- Dumping data for table `contattis`
--

LOCK TABLES `contattis` WRITE;
/*!40000 ALTER TABLE `contattis` DISABLE KEYS */;
INSERT INTO `contattis` VALUES (1,'2022-10-03 16:48:56.966000','2022-10-03 16:48:56.966000',1,1);
/*!40000 ALTER TABLE `contattis` ENABLE KEYS */;
UNLOCK TABLES;

--
-- Table structure for table `contattis_components`
--

DROP TABLE IF EXISTS `contattis_components`;
/*!40101 SET @saved_cs_client     = @@character_set_client */;
/*!50503 SET character_set_client = utf8mb4 */;
CREATE TABLE `contattis_components` (
  `id` int unsigned NOT NULL AUTO_INCREMENT,
  `entity_id` int unsigned DEFAULT NULL,
  `component_id` int unsigned DEFAULT NULL,
  `component_type` varchar(255) DEFAULT NULL,
  `field` varchar(255) DEFAULT NULL,
  `order` int unsigned DEFAULT '0',
  PRIMARY KEY (`id`),
  KEY `contattis_field_index` (`field`),
  KEY `contattis_component_type_index` (`component_type`),
  KEY `contattis_entity_fk` (`entity_id`),
  CONSTRAINT `contattis_entity_fk` FOREIGN KEY (`entity_id`) REFERENCES `contattis` (`id`) ON DELETE CASCADE
) ENGINE=InnoDB AUTO_INCREMENT=2 DEFAULT CHARSET=utf8mb4 COLLATE=utf8mb4_0900_ai_ci;
/*!40101 SET character_set_client = @saved_cs_client */;

--
-- Dumping data for table `contattis_components`
--

LOCK TABLES `contattis_components` WRITE;
/*!40000 ALTER TABLE `contattis_components` DISABLE KEYS */;
INSERT INTO `contattis_components` VALUES (1,1,3,'global.page-intro','page_intro',1);
/*!40000 ALTER TABLE `contattis_components` ENABLE KEYS */;
UNLOCK TABLES;

--
-- Table structure for table `files`
--

DROP TABLE IF EXISTS `files`;
/*!40101 SET @saved_cs_client     = @@character_set_client */;
/*!50503 SET character_set_client = utf8mb4 */;
CREATE TABLE `files` (
  `id` int unsigned NOT NULL AUTO_INCREMENT,
  `name` varchar(255) DEFAULT NULL,
  `alternative_text` varchar(255) DEFAULT NULL,
  `caption` varchar(255) DEFAULT NULL,
  `width` int DEFAULT NULL,
  `height` int DEFAULT NULL,
  `formats` json DEFAULT NULL,
  `hash` varchar(255) DEFAULT NULL,
  `ext` varchar(255) DEFAULT NULL,
  `mime` varchar(255) DEFAULT NULL,
  `size` decimal(10,2) DEFAULT NULL,
  `url` varchar(255) DEFAULT NULL,
  `preview_url` varchar(255) DEFAULT NULL,
  `provider` varchar(255) DEFAULT NULL,
  `provider_metadata` json DEFAULT NULL,
  `folder_path` varchar(255) DEFAULT NULL,
  `created_at` datetime(6) DEFAULT NULL,
  `updated_at` datetime(6) DEFAULT NULL,
  `created_by_id` int unsigned DEFAULT NULL,
  `updated_by_id` int unsigned DEFAULT NULL,
  PRIMARY KEY (`id`),
  KEY `upload_files_folder_path_index` (`folder_path`),
  KEY `files_created_by_id_fk` (`created_by_id`),
  KEY `files_updated_by_id_fk` (`updated_by_id`),
  CONSTRAINT `files_created_by_id_fk` FOREIGN KEY (`created_by_id`) REFERENCES `admin_users` (`id`) ON DELETE SET NULL,
  CONSTRAINT `files_updated_by_id_fk` FOREIGN KEY (`updated_by_id`) REFERENCES `admin_users` (`id`) ON DELETE SET NULL
) ENGINE=InnoDB AUTO_INCREMENT=34 DEFAULT CHARSET=utf8mb4 COLLATE=utf8mb4_0900_ai_ci;
/*!40101 SET character_set_client = @saved_cs_client */;

--
-- Dumping data for table `files`
--

LOCK TABLES `files` WRITE;
/*!40000 ALTER TABLE `files` DISABLE KEYS */;
INSERT INTO `files` VALUES (1,'facebook.svg','facebook.svg','facebook.svg',23,22,NULL,'facebook_a8b5fcadad','.svg','image/svg+xml',0.48,'/uploads/facebook_a8b5fcadad.svg',NULL,'local',NULL,'/','2022-09-22 16:32:24.836000','2022-09-22 16:32:24.836000',1,1),(2,'instagram.svg','instagram.svg','instagram.svg',23,26,NULL,'instagram_e40283fbe7','.svg','image/svg+xml',1.48,'/uploads/instagram_e40283fbe7.svg',NULL,'local',NULL,'/','2022-09-22 16:32:24.838000','2022-09-22 16:32:24.838000',1,1),(3,'linkedin.svg','linkedin.svg','linkedin.svg',23,26,NULL,'linkedin_d3709d8cd4','.svg','image/svg+xml',0.65,'/uploads/linkedin_d3709d8cd4.svg',NULL,'local',NULL,'/','2022-09-22 16:32:24.841000','2022-09-22 16:32:24.841000',1,1),(4,'whatsup.svg','whatsup.svg','whatsup.svg',23,26,NULL,'whatsup_2abb7007e9','.svg','image/svg+xml',1.26,'/uploads/whatsup_2abb7007e9.svg',NULL,'local',NULL,'/','2022-09-22 16:32:24.843000','2022-09-23 15:55:56.273000',1,1),(5,'youtube.svg','youtube.svg','youtube.svg',23,26,NULL,'youtube_1426b30bff','.svg','image/svg+xml',0.67,'/uploads/youtube_1426b30bff.svg',NULL,'local',NULL,'/','2022-09-22 16:32:24.849000','2022-09-22 16:32:24.849000',1,1),(6,'logo.png','logo.png','logo.png',166,147,NULL,'logo_60ba31aee9','.png','image/png',7.96,'/uploads/logo_60ba31aee9.png',NULL,'local',NULL,'/','2022-09-22 16:35:59.134000','2022-09-22 16:35:59.134000',1,1),(7,'home-intro.jpg','home-intro.jpg','home-intro.jpg',1920,921,'{\"thumbnail\": {\"ext\": \".jpg\", \"url\": \"/uploads/thumbnail_home_intro_158760231f.jpg\", \"hash\": \"thumbnail_home_intro_158760231f\", \"mime\": \"image/jpeg\", \"name\": \"thumbnail_home-intro.jpg\", \"path\": null, \"size\": 10.37, \"width\": 245, \"height\": 117}}','home_intro_158760231f','.jpg','image/jpeg',380.57,'/uploads/home_intro_158760231f.jpg',NULL,'local',NULL,'/','2022-09-22 16:42:06.694000','2022-09-22 16:42:06.694000',1,1),(8,'contacts.jpg','contacts.jpg','contacts.jpg',1440,800,'{\"thumbnail\": {\"ext\": \".jpg\", \"url\": \"/uploads/thumbnail_contacts_cf0296ea20.jpg\", \"hash\": \"thumbnail_contacts_cf0296ea20\", \"mime\": \"image/jpeg\", \"name\": \"thumbnail_contacts.jpg\", \"path\": null, \"size\": 3.9, \"width\": 245, \"height\": 136}}','contacts_cf0296ea20','.jpg','image/jpeg',48.16,'/uploads/contacts_cf0296ea20.jpg',NULL,'local',NULL,'/','2022-09-23 16:01:46.696000','2022-09-23 16:01:46.696000',1,1),(9,'banner-croped.jpg','banner-croped.jpg','banner-croped.jpg',1413,514,'{\"thumbnail\": {\"ext\": \".jpg\", \"url\": \"/uploads/thumbnail_banner_croped_d46f5eb784.jpg\", \"hash\": \"thumbnail_banner_croped_d46f5eb784\", \"mime\": \"image/jpeg\", \"name\": \"thumbnail_banner-croped.jpg\", \"path\": null, \"size\": 3.26, \"width\": 245, \"height\": 89}}','banner_croped_d46f5eb784','.jpg','image/jpeg',79.97,'/uploads/banner_croped_d46f5eb784.jpg',NULL,'local',NULL,'/','2022-09-26 09:03:56.325000','2022-09-26 09:03:56.325000',1,1),(10,'chisiamo.jpg','chisiamo.jpg','chisiamo.jpg',711,592,'{\"thumbnail\": {\"ext\": \".jpg\", \"url\": \"/uploads/thumbnail_chisiamo_c60fa47c5c.jpg\", \"hash\": \"thumbnail_chisiamo_c60fa47c5c\", \"mime\": \"image/jpeg\", \"name\": \"thumbnail_chisiamo.jpg\", \"path\": null, \"size\": 9.77, \"width\": 187, \"height\": 156}}','chisiamo_c60fa47c5c','.jpg','image/jpeg',134.28,'/uploads/chisiamo_c60fa47c5c.jpg',NULL,'local',NULL,'/','2022-09-26 12:24:26.241000','2022-09-26 12:24:26.241000',1,1),(11,'Federazione-Italiana-Agenti-Immobiliari-Professionali.png','Federazione-Italiana-Agenti-Immobiliari-Professionali.png','Federazione-Italiana-Agenti-Immobiliari-Professionali.png',170,91,NULL,'Federazione_Italiana_Agenti_Immobiliari_Professionali_b01b239b39','.png','image/png',5.34,'/uploads/Federazione_Italiana_Agenti_Immobiliari_Professionali_b01b239b39.png',NULL,'local',NULL,'/','2022-09-26 12:33:43.879000','2022-09-26 12:33:43.879000',1,1),(12,'Certificazione-di-qualita-ISO-9001.png','Certificazione-di-qualita-ISO-9001.png','Certificazione-di-qualita-ISO-9001.png',103,104,NULL,'Certificazione_di_qualita_ISO_9001_319d2c73ba','.png','image/png',6.51,'/uploads/Certificazione_di_qualita_ISO_9001_319d2c73ba.png',NULL,'local',NULL,'/','2022-09-26 12:33:43.880000','2022-09-26 12:33:43.880000',1,1),(13,'blog-I-sem-22.jpg','blog-I-sem-22.jpg','blog-I-sem-22.jpg',1200,628,'{\"thumbnail\": {\"ext\": \".jpg\", \"url\": \"/uploads/thumbnail_blog_I_sem_22_13044a4ff9.jpg\", \"hash\": \"thumbnail_blog_I_sem_22_13044a4ff9\", \"mime\": \"image/jpeg\", \"name\": \"thumbnail_blog-I-sem-22.jpg\", \"path\": null, \"size\": 8.1, \"width\": 245, \"height\": 128}}','blog_I_sem_22_13044a4ff9','.jpg','image/jpeg',84.99,'/uploads/blog_I_sem_22_13044a4ff9.jpg',NULL,'local',NULL,'/','2022-09-26 13:27:58.588000','2022-09-26 13:27:58.588000',1,1),(14,'blog-glamping.jpg','blog-glamping.jpg','blog-glamping.jpg',1200,628,'{\"thumbnail\": {\"ext\": \".jpg\", \"url\": \"/uploads/thumbnail_blog_glamping_1226dc3dba.jpg\", \"hash\": \"thumbnail_blog_glamping_1226dc3dba\", \"mime\": \"image/jpeg\", \"name\": \"thumbnail_blog-glamping.jpg\", \"path\": null, \"size\": 5.01, \"width\": 245, \"height\": 128}}','blog_glamping_1226dc3dba','.jpg','image/jpeg',73.43,'/uploads/blog_glamping_1226dc3dba.jpg',NULL,'local',NULL,'/','2022-09-26 13:30:34.080000','2022-09-26 13:30:34.080000',1,1),(15,'quando-si-considera-pertinenziale-il-posto-auto.jpg','quando-si-considera-pertinenziale-il-posto-auto.jpg','quando-si-considera-pertinenziale-il-posto-auto.jpg',910,476,'{\"thumbnail\": {\"ext\": \".jpg\", \"url\": \"/uploads/thumbnail_quando_si_considera_pertinenziale_il_posto_auto_549a0f0ce2.jpg\", \"hash\": \"thumbnail_quando_si_considera_pertinenziale_il_posto_auto_549a0f0ce2\", \"mime\": \"image/jpeg\", \"name\": \"thumbnail_quando-si-considera-pertinenziale-il-posto-auto.jpg\", \"path\": null, \"size\": 7.49, \"width\": 245, \"height\": 128}}','quando_si_considera_pertinenziale_il_posto_auto_549a0f0ce2','.jpg','image/jpeg',110.29,'/uploads/quando_si_considera_pertinenziale_il_posto_auto_549a0f0ce2.jpg',NULL,'local',NULL,'/','2022-09-26 13:32:17.818000','2022-09-26 13:32:17.818000',1,1),(16,'immobili-soggetto-a-vincolo-mancata-notifica.jpg','immobili-soggetto-a-vincolo-mancata-notifica.jpg','immobili-soggetto-a-vincolo-mancata-notifica.jpg',909,476,'{\"thumbnail\": {\"ext\": \".jpg\", \"url\": \"/uploads/thumbnail_immobili_soggetto_a_vincolo_mancata_notifica_146bd3210f.jpg\", \"hash\": \"thumbnail_immobili_soggetto_a_vincolo_mancata_notifica_146bd3210f\", \"mime\": \"image/jpeg\", \"name\": \"thumbnail_immobili-soggetto-a-vincolo-mancata-notifica.jpg\", \"path\": null, \"size\": 10.1, \"width\": 245, \"height\": 128}}','immobili_soggetto_a_vincolo_mancata_notifica_146bd3210f','.jpg','image/jpeg',95.97,'/uploads/immobili_soggetto_a_vincolo_mancata_notifica_146bd3210f.jpg',NULL,'local',NULL,'/','2022-09-26 13:34:09.346000','2022-09-26 13:34:09.346000',1,1),(18,'la-compravendita-di-immobili-sottoposti-a-vincoli.jpg','la-compravendita-di-immobili-sottoposti-a-vincoli.jpg','la-compravendita-di-immobili-sottoposti-a-vincoli.jpg',744,389,'{\"thumbnail\": {\"ext\": \".jpg\", \"url\": \"/uploads/thumbnail_la_compravendita_di_immobili_sottoposti_a_vincoli_91d7353834.jpg\", \"hash\": \"thumbnail_la_compravendita_di_immobili_sottoposti_a_vincoli_91d7353834\", \"mime\": \"image/jpeg\", \"name\": \"thumbnail_la-compravendita-di-immobili-sottoposti-a-vincoli.jpg\", \"path\": null, \"size\": 9.94, \"width\": 245, \"height\": 128}}','la_compravendita_di_immobili_sottoposti_a_vincoli_91d7353834','.jpg','image/jpeg',71.91,'/uploads/la_compravendita_di_immobili_sottoposti_a_vincoli_91d7353834.jpg',NULL,'local',NULL,'/','2022-09-26 13:36:14.217000','2022-09-26 13:36:14.217000',1,1),(19,'altuofianco.svg','altuofianco.svg','altuofianco.svg',176,34,NULL,'altuofianco_31e8da35f8','.svg','image/svg+xml',19.48,'/uploads/altuofianco_31e8da35f8.svg',NULL,'local',NULL,'/','2022-09-26 17:31:42.597000','2022-09-26 17:31:42.597000',1,1),(20,'services.jpg','services.jpg','services.jpg',1920,607,'{\"thumbnail\": {\"ext\": \".jpg\", \"url\": \"/uploads/thumbnail_services_1a30e39dbb.jpg\", \"hash\": \"thumbnail_services_1a30e39dbb\", \"mime\": \"image/jpeg\", \"name\": \"thumbnail_services.jpg\", \"path\": null, \"size\": 3.75, \"width\": 245, \"height\": 77}}','services_1a30e39dbb','.jpg','image/jpeg',58.51,'/uploads/services_1a30e39dbb.jpg',NULL,'local',NULL,'/','2022-09-26 17:43:20.378000','2022-09-26 17:43:20.378000',1,1),(21,'Compravendita-in-tutta-sicurezza.jpg','Compravendita-in-tutta-sicurezza.jpg','Compravendita-in-tutta-sicurezza.jpg',1920,881,'{\"thumbnail\": {\"ext\": \".jpg\", \"url\": \"/uploads/thumbnail_Compravendita_in_tutta_sicurezza_fb6f964074.jpg\", \"hash\": \"thumbnail_Compravendita_in_tutta_sicurezza_fb6f964074\", \"mime\": \"image/jpeg\", \"name\": \"thumbnail_Compravendita-in-tutta-sicurezza.jpg\", \"path\": null, \"size\": 5.47, \"width\": 245, \"height\": 112}}','Compravendita_in_tutta_sicurezza_fb6f964074','.jpg','image/jpeg',78.33,'/uploads/Compravendita_in_tutta_sicurezza_fb6f964074.jpg',NULL,'local',NULL,'/','2022-09-26 17:56:06.959000','2022-09-26 17:56:06.959000',1,1),(22,'Vuoi-affittare-casa-o-un-immobile.jpg','Vuoi-affittare-casa-o-un-immobile.jpg','Vuoi-affittare-casa-o-un-immobile.jpg',1920,1002,'{\"thumbnail\": {\"ext\": \".jpg\", \"url\": \"/uploads/thumbnail_Vuoi_affittare_casa_o_un_immobile_5477540ba9.jpg\", \"hash\": \"thumbnail_Vuoi_affittare_casa_o_un_immobile_5477540ba9\", \"mime\": \"image/jpeg\", \"name\": \"thumbnail_Vuoi-affittare-casa-o-un-immobile.jpg\", \"path\": null, \"size\": 5.22, \"width\": 245, \"height\": 128}}','Vuoi_affittare_casa_o_un_immobile_5477540ba9','.jpg','image/jpeg',62.97,'/uploads/Vuoi_affittare_casa_o_un_immobile_5477540ba9.jpg',NULL,'local',NULL,'/','2022-09-26 17:56:06.962000','2022-09-26 17:56:06.962000',1,1),(23,'Se-cerchi-casa-a-Genova-non-affidarti-al-caso.jpg','Se-cerchi-casa-a-Genova-non-affidarti-al-caso.jpg','Se-cerchi-casa-a-Genova-non-affidarti-al-caso.jpg',1920,830,'{\"thumbnail\": {\"ext\": \".jpg\", \"url\": \"/uploads/thumbnail_Se_cerchi_casa_a_Genova_non_affidarti_al_caso_ac78166fba.jpg\", \"hash\": \"thumbnail_Se_cerchi_casa_a_Genova_non_affidarti_al_caso_ac78166fba\", \"mime\": \"image/jpeg\", \"name\": \"thumbnail_Se-cerchi-casa-a-Genova-non-affidarti-al-caso.jpg\", \"path\": null, \"size\": 5.72, \"width\": 245, \"height\": 106}}','Se_cerchi_casa_a_Genova_non_affidarti_al_caso_ac78166fba','.jpg','image/jpeg',87.37,'/uploads/Se_cerchi_casa_a_Genova_non_affidarti_al_caso_ac78166fba.jpg',NULL,'local',NULL,'/','2022-09-26 17:56:06.985000','2022-09-26 17:56:06.985000',1,1),(24,'servizi-page.jpg','servizi-page.jpg','servizi-page.jpg',1920,1364,'{\"thumbnail\": {\"ext\": \".jpg\", \"url\": \"/uploads/thumbnail_servizi_page_1609a402ef.jpg\", \"hash\": \"thumbnail_servizi_page_1609a402ef\", \"mime\": \"image/jpeg\", \"name\": \"thumbnail_servizi-page.jpg\", \"path\": null, \"size\": 8.24, \"width\": 220, \"height\": 156}}','servizi_page_1609a402ef','.jpg','image/jpeg',133.52,'/uploads/servizi_page_1609a402ef.jpg',NULL,'local',NULL,'/','2022-09-26 18:05:59.342000','2022-09-26 18:05:59.342000',1,1),(25,'chi-siamo.jpg','chi-siamo.jpg','chi-siamo.jpg',1920,785,'{\"thumbnail\": {\"ext\": \".jpg\", \"url\": \"/uploads/thumbnail_chi_siamo_1cd5ebb16f.jpg\", \"hash\": \"thumbnail_chi_siamo_1cd5ebb16f\", \"mime\": \"image/jpeg\", \"name\": \"thumbnail_chi-siamo.jpg\", \"path\": null, \"size\": 6.06, \"width\": 245, \"height\": 100}}','chi_siamo_1cd5ebb16f','.jpg','image/jpeg',138.07,'/uploads/chi_siamo_1cd5ebb16f.jpg',NULL,'local',NULL,'/','2022-10-03 09:05:27.715000','2022-10-03 09:05:27.715000',1,1),(26,'team-1.jpg','team-1.jpg','team-1.jpg',2400,3624,'{\"thumbnail\": {\"ext\": \".jpg\", \"url\": \"/uploads/thumbnail_team_1_11dae02cb1.jpg\", \"hash\": \"thumbnail_team_1_11dae02cb1\", \"mime\": \"image/jpeg\", \"name\": \"thumbnail_team-1.jpg\", \"path\": null, \"size\": 4.51, \"width\": 103, \"height\": 156}}','team_1_11dae02cb1','.jpg','image/jpeg',440.20,'/uploads/team_1_11dae02cb1.jpg',NULL,'local',NULL,'/','2022-10-03 09:35:38.751000','2022-10-03 09:35:38.751000',1,1),(27,'team-2.jpg','team-2.jpg','team-2.jpg',2400,3624,'{\"thumbnail\": {\"ext\": \".jpg\", \"url\": \"/uploads/thumbnail_team_2_ec04766b17.jpg\", \"hash\": \"thumbnail_team_2_ec04766b17\", \"mime\": \"image/jpeg\", \"name\": \"thumbnail_team-2.jpg\", \"path\": null, \"size\": 4.75, \"width\": 103, \"height\": 156}}','team_2_ec04766b17','.jpg','image/jpeg',427.85,'/uploads/team_2_ec04766b17.jpg',NULL,'local',NULL,'/','2022-10-03 09:35:38.755000','2022-10-03 09:35:38.755000',1,1),(28,'Valeria-Gava.jpg','Valeria-Gava.jpg','Valeria-Gava.jpg',424,335,'{\"thumbnail\": {\"ext\": \".jpg\", \"url\": \"/uploads/thumbnail_Valeria_Gava_e70e250b56.jpg\", \"hash\": \"thumbnail_Valeria_Gava_e70e250b56\", \"mime\": \"image/jpeg\", \"name\": \"thumbnail_Valeria-Gava.jpg\", \"path\": null, \"size\": 8.73, \"width\": 197, \"height\": 156}}','Valeria_Gava_e70e250b56','.jpg','image/jpeg',33.18,'/uploads/Valeria_Gava_e70e250b56.jpg',NULL,'local',NULL,'/','2022-10-03 09:47:16.551000','2022-10-03 09:47:16.551000',1,1),(29,'Evita-Carnicella.jpg','Evita-Carnicella.jpg','Evita-Carnicella.jpg',2400,3624,'{\"thumbnail\": {\"ext\": \".jpg\", \"url\": \"/uploads/thumbnail_Evita_Carnicella_aab89479bb.jpg\", \"hash\": \"thumbnail_Evita_Carnicella_aab89479bb\", \"mime\": \"image/jpeg\", \"name\": \"thumbnail_Evita-Carnicella.jpg\", \"path\": null, \"size\": 4.53, \"width\": 103, \"height\": 156}}','Evita_Carnicella_aab89479bb','.jpg','image/jpeg',352.67,'/uploads/Evita_Carnicella_aab89479bb.jpg',NULL,'local',NULL,'/','2022-10-03 09:47:16.793000','2022-10-03 09:47:16.793000',1,1),(30,'Matteo-Scaniglia.jpg','Matteo-Scaniglia.jpg','Matteo-Scaniglia.jpg',2400,3623,'{\"thumbnail\": {\"ext\": \".jpg\", \"url\": \"/uploads/thumbnail_Matteo_Scaniglia_c6ee57bf89.jpg\", \"hash\": \"thumbnail_Matteo_Scaniglia_c6ee57bf89\", \"mime\": \"image/jpeg\", \"name\": \"thumbnail_Matteo-Scaniglia.jpg\", \"path\": null, \"size\": 4.84, \"width\": 104, \"height\": 156}}','Matteo_Scaniglia_c6ee57bf89','.jpg','image/jpeg',356.70,'/uploads/Matteo_Scaniglia_c6ee57bf89.jpg',NULL,'local',NULL,'/','2022-10-03 09:47:16.814000','2022-10-03 09:47:16.814000',1,1),(31,'blog-intro.jpg','blog-intro.jpg','blog-intro.jpg',1920,460,'{\"thumbnail\": {\"ext\": \".jpg\", \"url\": \"/uploads/thumbnail_blog_intro_899c4034b7.jpg\", \"hash\": \"thumbnail_blog_intro_899c4034b7\", \"mime\": \"image/jpeg\", \"name\": \"thumbnail_blog-intro.jpg\", \"path\": null, \"size\": 3.56, \"width\": 245, \"height\": 59}}','blog_intro_899c4034b7','.jpg','image/jpeg',55.73,'/uploads/blog_intro_899c4034b7.jpg',NULL,'local',NULL,'/','2022-10-03 17:20:13.829000','2022-10-03 17:20:13.829000',1,1),(32,'fabrizio-segalerba.png','fabrizio-segalerba.png','fabrizio-segalerba.png',185,185,'{\"thumbnail\": {\"ext\": \".png\", \"url\": \"/uploads/thumbnail_fabrizio_segalerba_210fcd254b.png\", \"hash\": \"thumbnail_fabrizio_segalerba_210fcd254b\", \"mime\": \"image/png\", \"name\": \"thumbnail_fabrizio-segalerba.png\", \"path\": null, \"size\": 58.04, \"width\": 156, \"height\": 156}}','fabrizio_segalerba_210fcd254b','.png','image/png',20.00,'/uploads/fabrizio_segalerba_210fcd254b.png',NULL,'local',NULL,'/','2022-10-04 13:24:44.660000','2022-10-04 13:24:44.660000',1,1),(33,'eviti.jpg','eviti.jpg','eviti.jpg',185,185,'{\"thumbnail\": {\"ext\": \".jpg\", \"url\": \"/uploads/thumbnail_eviti_ea2f7786ac.jpg\", \"hash\": \"thumbnail_eviti_ea2f7786ac\", \"mime\": \"image/jpeg\", \"name\": \"thumbnail_eviti.jpg\", \"path\": null, \"size\": 5.11, \"width\": 156, \"height\": 156}}','eviti_ea2f7786ac','.jpg','image/jpeg',8.43,'/uploads/eviti_ea2f7786ac.jpg',NULL,'local',NULL,'/','2022-10-04 13:48:07.201000','2022-10-04 13:48:07.201000',1,1);
/*!40000 ALTER TABLE `files` ENABLE KEYS */;
UNLOCK TABLES;

--
-- Table structure for table `files_folder_links`
--

DROP TABLE IF EXISTS `files_folder_links`;
/*!40101 SET @saved_cs_client     = @@character_set_client */;
/*!50503 SET character_set_client = utf8mb4 */;
CREATE TABLE `files_folder_links` (
  `id` int unsigned NOT NULL AUTO_INCREMENT,
  `file_id` int unsigned DEFAULT NULL,
  `folder_id` int unsigned DEFAULT NULL,
  PRIMARY KEY (`id`),
  KEY `files_folder_links_fk` (`file_id`),
  KEY `files_folder_links_inv_fk` (`folder_id`),
  CONSTRAINT `files_folder_links_fk` FOREIGN KEY (`file_id`) REFERENCES `files` (`id`) ON DELETE CASCADE,
  CONSTRAINT `files_folder_links_inv_fk` FOREIGN KEY (`folder_id`) REFERENCES `upload_folders` (`id`) ON DELETE CASCADE
) ENGINE=InnoDB DEFAULT CHARSET=utf8mb4 COLLATE=utf8mb4_0900_ai_ci;
/*!40101 SET character_set_client = @saved_cs_client */;

--
-- Dumping data for table `files_folder_links`
--

LOCK TABLES `files_folder_links` WRITE;
/*!40000 ALTER TABLE `files_folder_links` DISABLE KEYS */;
/*!40000 ALTER TABLE `files_folder_links` ENABLE KEYS */;
UNLOCK TABLES;

--
-- Table structure for table `files_related_morphs`
--

DROP TABLE IF EXISTS `files_related_morphs`;
/*!40101 SET @saved_cs_client     = @@character_set_client */;
/*!50503 SET character_set_client = utf8mb4 */;
CREATE TABLE `files_related_morphs` (
  `id` int unsigned NOT NULL AUTO_INCREMENT,
  `file_id` int unsigned DEFAULT NULL,
  `related_id` int unsigned DEFAULT NULL,
  `related_type` varchar(255) DEFAULT NULL,
  `field` varchar(255) DEFAULT NULL,
  `order` int unsigned DEFAULT NULL,
  PRIMARY KEY (`id`),
  KEY `files_related_morphs_fk` (`file_id`),
  CONSTRAINT `files_related_morphs_fk` FOREIGN KEY (`file_id`) REFERENCES `files` (`id`) ON DELETE CASCADE
) ENGINE=InnoDB AUTO_INCREMENT=220 DEFAULT CHARSET=utf8mb4 COLLATE=utf8mb4_0900_ai_ci;
/*!40101 SET character_set_client = @saved_cs_client */;

--
-- Dumping data for table `files_related_morphs`
--

LOCK TABLES `files_related_morphs` WRITE;
/*!40000 ALTER TABLE `files_related_morphs` DISABLE KEYS */;
INSERT INTO `files_related_morphs` VALUES (111,7,1,'home.home-intro','image',1),(112,9,1,'home.banner','image',1),(113,10,1,'home.about','image',1),(114,12,1,'repeater.certificate-items','image',1),(115,11,2,'repeater.certificate-items','image',1),(138,1,1,'api::option.option','facebook_image',1),(139,2,1,'api::option.option','instagram_image',1),(140,3,1,'api::option.option','linkedin_image',1),(141,5,1,'api::option.option','youtube_image',1),(142,4,1,'api::option.option','whatsup_image',1),(143,6,1,'api::option.option','logo',1),(144,8,1,'api::option.option','image',1),(145,19,1,'api::option.option','partner_image',1),(161,20,1,'global.page-intro','image',1),(162,23,1,'repeater.servizi-items','image',1),(163,21,2,'repeater.servizi-items','image',1),(164,22,3,'repeater.servizi-items','image',1),(165,24,1,'api::servizi.servizi','image',1),(166,25,1,'api::chi-siamo.chi-siamo','image',1),(189,25,2,'global.page-intro','image',1),(190,26,1,'repeater.team','image',1),(191,27,2,'repeater.team','image',1),(192,29,3,'repeater.team','image',1),(193,30,5,'repeater.team','image',1),(194,28,4,'repeater.team','image',1),(195,7,3,'global.page-intro','image',1),(198,31,4,'global.page-intro','image',1),(207,32,1,'api::author.author','image',1),(211,14,2,'api::post.post','image',1),(213,33,2,'api::author.author','image',1),(216,13,1,'api::post.post','image',1),(217,18,5,'api::post.post','image',1),(218,16,4,'api::post.post','image',1),(219,15,3,'api::post.post','image',1);
/*!40000 ALTER TABLE `files_related_morphs` ENABLE KEYS */;
UNLOCK TABLES;

--
-- Table structure for table `homes`
--

DROP TABLE IF EXISTS `homes`;
/*!40101 SET @saved_cs_client     = @@character_set_client */;
/*!50503 SET character_set_client = utf8mb4 */;
CREATE TABLE `homes` (
  `id` int unsigned NOT NULL AUTO_INCREMENT,
  `title` varchar(255) DEFAULT NULL,
  `created_at` datetime(6) DEFAULT NULL,
  `updated_at` datetime(6) DEFAULT NULL,
  `created_by_id` int unsigned DEFAULT NULL,
  `updated_by_id` int unsigned DEFAULT NULL,
  `slug` varchar(255) DEFAULT NULL,
  PRIMARY KEY (`id`),
  KEY `homes_created_by_id_fk` (`created_by_id`),
  KEY `homes_updated_by_id_fk` (`updated_by_id`),
  CONSTRAINT `homes_created_by_id_fk` FOREIGN KEY (`created_by_id`) REFERENCES `admin_users` (`id`) ON DELETE SET NULL,
  CONSTRAINT `homes_updated_by_id_fk` FOREIGN KEY (`updated_by_id`) REFERENCES `admin_users` (`id`) ON DELETE SET NULL
) ENGINE=InnoDB AUTO_INCREMENT=2 DEFAULT CHARSET=utf8mb4 COLLATE=utf8mb4_0900_ai_ci;
/*!40101 SET character_set_client = @saved_cs_client */;

--
-- Dumping data for table `homes`
--

LOCK TABLES `homes` WRITE;
/*!40000 ALTER TABLE `homes` DISABLE KEYS */;
INSERT INTO `homes` VALUES (1,'Home','2022-09-22 16:40:11.243000','2022-09-26 15:56:38.903000',1,1,'/home');
/*!40000 ALTER TABLE `homes` ENABLE KEYS */;
UNLOCK TABLES;

--
-- Table structure for table `homes_components`
--

DROP TABLE IF EXISTS `homes_components`;
/*!40101 SET @saved_cs_client     = @@character_set_client */;
/*!50503 SET character_set_client = utf8mb4 */;
CREATE TABLE `homes_components` (
  `id` int unsigned NOT NULL AUTO_INCREMENT,
  `entity_id` int unsigned DEFAULT NULL,
  `component_id` int unsigned DEFAULT NULL,
  `component_type` varchar(255) DEFAULT NULL,
  `field` varchar(255) DEFAULT NULL,
  `order` int unsigned DEFAULT '0',
  PRIMARY KEY (`id`),
  KEY `homes_field_index` (`field`),
  KEY `homes_component_type_index` (`component_type`),
  KEY `homes_entity_fk` (`entity_id`),
  CONSTRAINT `homes_entity_fk` FOREIGN KEY (`entity_id`) REFERENCES `homes` (`id`) ON DELETE CASCADE
) ENGINE=InnoDB AUTO_INCREMENT=112 DEFAULT CHARSET=utf8mb4 COLLATE=utf8mb4_0900_ai_ci;
/*!40101 SET character_set_client = @saved_cs_client */;

--
-- Dumping data for table `homes_components`
--

LOCK TABLES `homes_components` WRITE;
/*!40000 ALTER TABLE `homes_components` DISABLE KEYS */;
INSERT INTO `homes_components` VALUES (103,1,1,'home.home-intro','home_intro',1),(104,1,1,'repeater.features','features',1),(105,1,2,'repeater.features','features',2),(106,1,3,'repeater.features','features',3),(107,1,1,'home.banner','banner',1),(108,1,1,'home.about','about',1),(109,1,1,'repeater.certificate-items','certificates',1),(110,1,2,'repeater.certificate-items','certificates',2),(111,1,1,'home.latest-posts','latest_posts',1);
/*!40000 ALTER TABLE `homes_components` ENABLE KEYS */;
UNLOCK TABLES;

--
-- Table structure for table `i18n_locale`
--

DROP TABLE IF EXISTS `i18n_locale`;
/*!40101 SET @saved_cs_client     = @@character_set_client */;
/*!50503 SET character_set_client = utf8mb4 */;
CREATE TABLE `i18n_locale` (
  `id` int unsigned NOT NULL AUTO_INCREMENT,
  `name` varchar(255) DEFAULT NULL,
  `code` varchar(255) DEFAULT NULL,
  `created_at` datetime(6) DEFAULT NULL,
  `updated_at` datetime(6) DEFAULT NULL,
  `created_by_id` int unsigned DEFAULT NULL,
  `updated_by_id` int unsigned DEFAULT NULL,
  PRIMARY KEY (`id`),
  KEY `i18n_locale_created_by_id_fk` (`created_by_id`),
  KEY `i18n_locale_updated_by_id_fk` (`updated_by_id`),
  CONSTRAINT `i18n_locale_created_by_id_fk` FOREIGN KEY (`created_by_id`) REFERENCES `admin_users` (`id`) ON DELETE SET NULL,
  CONSTRAINT `i18n_locale_updated_by_id_fk` FOREIGN KEY (`updated_by_id`) REFERENCES `admin_users` (`id`) ON DELETE SET NULL
) ENGINE=InnoDB AUTO_INCREMENT=2 DEFAULT CHARSET=utf8mb4 COLLATE=utf8mb4_0900_ai_ci;
/*!40101 SET character_set_client = @saved_cs_client */;

--
-- Dumping data for table `i18n_locale`
--

LOCK TABLES `i18n_locale` WRITE;
/*!40000 ALTER TABLE `i18n_locale` DISABLE KEYS */;
INSERT INTO `i18n_locale` VALUES (1,'English (en)','en','2022-09-22 16:00:21.972000','2022-09-22 16:00:21.972000',NULL,NULL);
/*!40000 ALTER TABLE `i18n_locale` ENABLE KEYS */;
UNLOCK TABLES;

--
-- Table structure for table `options`
--

DROP TABLE IF EXISTS `options`;
/*!40101 SET @saved_cs_client     = @@character_set_client */;
/*!50503 SET character_set_client = utf8mb4 */;
CREATE TABLE `options` (
  `id` int unsigned NOT NULL AUTO_INCREMENT,
  `email` varchar(255) DEFAULT NULL,
  `phone` varchar(255) DEFAULT NULL,
  `facebook_url` varchar(255) DEFAULT NULL,
  `instagram_url` varchar(255) DEFAULT NULL,
  `linkedin_url` varchar(255) DEFAULT NULL,
  `youtube_url` varchar(255) DEFAULT NULL,
  `whatsup_url` varchar(255) DEFAULT NULL,
  `created_at` datetime(6) DEFAULT NULL,
  `updated_at` datetime(6) DEFAULT NULL,
  `created_by_id` int unsigned DEFAULT NULL,
  `updated_by_id` int unsigned DEFAULT NULL,
  `text` longtext,
  `short_company_name` varchar(255) DEFAULT NULL,
  `address` varchar(255) DEFAULT NULL,
  `hours` longtext,
  `whatsup_number` varchar(255) DEFAULT NULL,
  `full_company_name` varchar(255) DEFAULT NULL,
  `vat` varchar(255) DEFAULT NULL,
  `partner_text` varchar(255) DEFAULT NULL,
  `partner_url` varchar(255) DEFAULT NULL,
  PRIMARY KEY (`id`),
  KEY `options_created_by_id_fk` (`created_by_id`),
  KEY `options_updated_by_id_fk` (`updated_by_id`),
  CONSTRAINT `options_created_by_id_fk` FOREIGN KEY (`created_by_id`) REFERENCES `admin_users` (`id`) ON DELETE SET NULL,
  CONSTRAINT `options_updated_by_id_fk` FOREIGN KEY (`updated_by_id`) REFERENCES `admin_users` (`id`) ON DELETE SET NULL
) ENGINE=InnoDB AUTO_INCREMENT=2 DEFAULT CHARSET=utf8mb4 COLLATE=utf8mb4_0900_ai_ci;
/*!40101 SET character_set_client = @saved_cs_client */;

--
-- Dumping data for table `options`
--

LOCK TABLES `options` WRITE;
/*!40000 ALTER TABLE `options` DISABLE KEYS */;
INSERT INTO `options` VALUES (1,'info@immobiliaresegalerba.it','+39 010 2770607','https://www.facebook.com/ImmobiliareSegalerba','https://www.instagram.com/immobiliare_segalerba/','https://www.linkedin.com/company/immobiliare-segalerba/','https://www.youtube.com/user/immsegalerba','https://api.whatsapp.com/send?phone=+393495060163','2022-09-22 16:33:59.923000','2022-09-26 17:35:51.064000',1,1,'Some title','Immobiliare Segalerba','Via Polleri 8r - 16125 Genova','<ul><li>Orario di apertura:</li> <li>Dal lunedì al venerdì: 09:00 – 19:00</li> <li>Sabato: 09:00 – 13:00</li></ul>','+39 349 5060163','IMMOBILIARE SEGALERBA SNC DI FABRIZIO SEGALERBA E C. Partita Iva : ','01433580998','Immobiliare Segalerba<br> ha scelto','https://www.altuofianco.it/');
/*!40000 ALTER TABLE `options` ENABLE KEYS */;
UNLOCK TABLES;

--
-- Table structure for table `post_tags`
--

DROP TABLE IF EXISTS `post_tags`;
/*!40101 SET @saved_cs_client     = @@character_set_client */;
/*!50503 SET character_set_client = utf8mb4 */;
CREATE TABLE `post_tags` (
  `id` int unsigned NOT NULL AUTO_INCREMENT,
  `title` varchar(255) DEFAULT NULL,
  `slug` varchar(255) DEFAULT NULL,
  `created_at` datetime(6) DEFAULT NULL,
  `updated_at` datetime(6) DEFAULT NULL,
  `created_by_id` int unsigned DEFAULT NULL,
  `updated_by_id` int unsigned DEFAULT NULL,
  PRIMARY KEY (`id`),
  UNIQUE KEY `post_tags_slug_unique` (`slug`),
  KEY `post_tags_created_by_id_fk` (`created_by_id`),
  KEY `post_tags_updated_by_id_fk` (`updated_by_id`),
  CONSTRAINT `post_tags_created_by_id_fk` FOREIGN KEY (`created_by_id`) REFERENCES `admin_users` (`id`) ON DELETE SET NULL,
  CONSTRAINT `post_tags_updated_by_id_fk` FOREIGN KEY (`updated_by_id`) REFERENCES `admin_users` (`id`) ON DELETE SET NULL
) ENGINE=InnoDB AUTO_INCREMENT=6 DEFAULT CHARSET=utf8mb4 COLLATE=utf8mb4_0900_ai_ci;
/*!40101 SET character_set_client = @saved_cs_client */;

--
-- Dumping data for table `post_tags`
--

LOCK TABLES `post_tags` WRITE;
/*!40000 ALTER TABLE `post_tags` DISABLE KEYS */;
INSERT INTO `post_tags` VALUES (1,'comprare casa a genova','comprare-casa-a-genova','2022-09-26 12:54:05.420000','2022-09-26 12:54:05.420000',1,1),(4,'Genova','genova-1','2022-09-26 13:24:52.820000','2022-09-26 13:24:52.820000',1,1),(5,'mercato immobiliare','mercato-immobiliare','2022-09-26 13:25:06.427000','2022-09-26 13:25:06.427000',1,1);
/*!40000 ALTER TABLE `post_tags` ENABLE KEYS */;
UNLOCK TABLES;

--
-- Table structure for table `post_tags_posts_links`
--

DROP TABLE IF EXISTS `post_tags_posts_links`;
/*!40101 SET @saved_cs_client     = @@character_set_client */;
/*!50503 SET character_set_client = utf8mb4 */;
CREATE TABLE `post_tags_posts_links` (
  `id` int unsigned NOT NULL AUTO_INCREMENT,
  `post_tag_id` int unsigned DEFAULT NULL,
  `post_id` int unsigned DEFAULT NULL,
  PRIMARY KEY (`id`),
  KEY `post_tags_posts_links_fk` (`post_tag_id`),
  KEY `post_tags_posts_links_inv_fk` (`post_id`),
  CONSTRAINT `post_tags_posts_links_fk` FOREIGN KEY (`post_tag_id`) REFERENCES `post_tags` (`id`) ON DELETE CASCADE,
  CONSTRAINT `post_tags_posts_links_inv_fk` FOREIGN KEY (`post_id`) REFERENCES `posts` (`id`) ON DELETE CASCADE
) ENGINE=InnoDB AUTO_INCREMENT=39 DEFAULT CHARSET=utf8mb4 COLLATE=utf8mb4_0900_ai_ci;
/*!40101 SET character_set_client = @saved_cs_client */;

--
-- Dumping data for table `post_tags_posts_links`
--

LOCK TABLES `post_tags_posts_links` WRITE;
/*!40000 ALTER TABLE `post_tags_posts_links` DISABLE KEYS */;
INSERT INTO `post_tags_posts_links` VALUES (28,5,2),(35,4,1),(36,1,5),(37,5,4),(38,5,3);
/*!40000 ALTER TABLE `post_tags_posts_links` ENABLE KEYS */;
UNLOCK TABLES;

--
-- Table structure for table `posts`
--

DROP TABLE IF EXISTS `posts`;
/*!40101 SET @saved_cs_client     = @@character_set_client */;
/*!50503 SET character_set_client = utf8mb4 */;
CREATE TABLE `posts` (
  `id` int unsigned NOT NULL AUTO_INCREMENT,
  `title` varchar(255) DEFAULT NULL,
  `slug` varchar(255) DEFAULT NULL,
  `text` longtext,
  `created_at` datetime(6) DEFAULT NULL,
  `updated_at` datetime(6) DEFAULT NULL,
  `created_by_id` int unsigned DEFAULT NULL,
  `updated_by_id` int unsigned DEFAULT NULL,
  PRIMARY KEY (`id`),
  UNIQUE KEY `posts_slug_unique` (`slug`),
  KEY `posts_created_by_id_fk` (`created_by_id`),
  KEY `posts_updated_by_id_fk` (`updated_by_id`),
  CONSTRAINT `posts_created_by_id_fk` FOREIGN KEY (`created_by_id`) REFERENCES `admin_users` (`id`) ON DELETE SET NULL,
  CONSTRAINT `posts_updated_by_id_fk` FOREIGN KEY (`updated_by_id`) REFERENCES `admin_users` (`id`) ON DELETE SET NULL
) ENGINE=InnoDB AUTO_INCREMENT=6 DEFAULT CHARSET=utf8mb4 COLLATE=utf8mb4_0900_ai_ci;
/*!40101 SET character_set_client = @saved_cs_client */;

--
-- Dumping data for table `posts`
--

LOCK TABLES `posts` WRITE;
/*!40000 ALTER TABLE `posts` DISABLE KEYS */;
INSERT INTO `posts` VALUES (1,'Genova: bilancio immobiliare del primo semestre 2022','genova-bilancio-immobiliare-del-primo-semestre-2022','<p>La pausa estiva ci ha permesso di riflettere e fare qualche considerazione sugli immobili venduti nel primo semestre 2022 a Genova.<br>\nQuanti sono stati?<br>\nA quale prezzo rispetto alla nostra iniziale valutazione?<br>\nIn quanto tempo sono stati venduti?<br>\nQuanti acquirenti hanno contratto un mutuo?</p>\n<h2>Dati del primo semestre 2022 a Genova</h2>\n<p>Ecco un po’ di numeri, consapevoli che spesso le medie si avvicinano a quella dei <a href=\"https://www.poesiedautore.it/trilussa/la-statistica\" target=\"_blank\" rel=\"noopener\">polli di Trilussa</a>.<br>\nNel primi mesi dell’anno abbiamo venduto 36 immobili ed il tempo medio di vendita è stato pari a 128,93 giorni.</p>\n<p><em>Calcolati come?</em> Dalla firma dell’incarico al momento dell’accettazione della proposta. Ammetto che un po’ di tempo “lo perdiamo” prima di pubblicare l’annuncio, perché <strong>ci dedichiamo con meticolosità alla pre qualifica dell’immobile</strong>, quindi tra raccolta documentale, contatti con l’amministratore condominiale, verifica dei verbali assembleari e dei consuntivi, richiesta delle certificazione notarile e della relazione urbanistica, una settimana vola via.</p>\n<p>La relazione urbanistica si perfezionerà dopo l’accesso agli atti del Comune, ma con la relazione preventiva conosciamo lo stato dell’immobile e possiamo proporlo sul mercato.</p>\n<h2>L’eccezione che conferma la regola.</h2>\n<p>In realtà, per trasparenza, dobbiamo ammettere che quel dato sarebbe diverso se considerassimo un immobile, uso negozio, della consistenza di 14 m², in zona Nunziata: abbiamo impiegato <strong>1.274 giorni per venderlo</strong>.</p>\n<p>Non è stato considerato nel conteggio, perché un numero così importante è una rara eccezione, che distorcerebbe la media, rendendola irreale.</p>\n<p><strong>Record positivi</strong> per due immobili: Via Passaggi a San Martino, 10 giorni dall’incarico e quinto appuntamento di vendita, e poi Salita di Famagosta ultimo piano con terrazzo 14 giorni dall’incarico e secondo appuntamento di vendita.</p>\n<h2>Il prezzo del venduto</h2>\n<p><strong>La differenza tra prezzo proposto sul mercato e prezzo di vendita è stata del 9,76%, mentre quella tra prezzo di stima e prezzo effettivo di vendita scende al 3,88%</strong>. A dimostrazione che sappiamo fare il nostro mestiere, che conosciamo il mercato immobiliare, che ci avvaliamo dei più moderni, potenti e sofisticati mezzi digitali, che ci consentono di conoscere e comprendere tutti i dati possibili sul mercato immobiliare.</p>\n<p>Per esempio siamo in grado di conoscere il numero di immobili venduti nella zona di riferimento, la quantità di immobili in vendita al momento della nostra stima, i valori comparabili, i valori del compravenduto, i tempi medi di vendita, le criticità che affliggono la zona, la densità demografica e la suddivisione per fascia di età dei residenti, lo stock immobiliare, la variazione percentuale del mercato a m² negli ultimi cinque anni.</p>\n<p>Inoltre gli elementi esogeni di influenza sul mercato, la qualità dell’aria nel quartiere e l’inquinamento da elettrosmog, oltre alla distanza dai mezzi del trasporto pubblico locale e dai principali punti di interesse per una famiglia nella gestione della vita quotidiana. Tutti elementi che oggi concorrono alla determinazione del prezzo.</p>\n<h2>Quanti NO nel primo semestre 2022?</h2>\n<p>16 ed i motivi della mancata acquisizione sono i seguenti:</p>\n<ul>\n<li>11 mostravano una differenza media del 38,41% tra la nostra valutazione e le <strong>aspettative del proprietario</strong>, troppo elevata per prendere l’incarico. Non avremmo venduto quell’immobile, ma avremmo alimentato una falsa speranza nel proprietario, avremmo suffragato le sue irrealizzabili aspettative. Non è il nostro modo di lavorare, meglio lasciar perdere.</li>\n<li>2 unità immobiliari avevano <strong>problemi di carattere urbanistico/catastale</strong> che i proprietari al momento del sopralluogo ignoravano, così abbiamo suggerito l’intervento di un tecnico per provvedere a sanare le irregolarità che necessitano di studio, attenzione e tempi lunghi.</li>\n<li>1 immobile è <strong>soggetto al vincolo</strong> e i titoli di provenienza, attuale e precedente, purtroppo non sono stati notificati alla Soprintendenza. Pertanto la pratica è passata nelle mani del nostro Notaio di fiducia per la regolarizzazione del caso: notifica tardiva 180 giorni per ogni titolo.</li>\n<li>Quanto agli ultimi 2 immobili i proprietari si aspettavano da noi un trattamento a <strong>“zero provvigione”</strong>, come l’agenzia che ci aveva preceduto nella visione dell’alloggio. Non svendiamo la nostra professionalità per fare bene il nostro lavoro e tutelare gli interessi delle parti contraenti.</li>\n</ul>\n<p>E poi siamo profondamente genovesi ed a Genova si dice che “<em>pe ninte mancu u can u mescia a cua</em>”.</p>\n<h2>Ed infine quanti acquirenti hanno fatto ricorso ad un mutuo?</h2>\n<p>Il 57% dei nostri clienti ha stipulato un mutuo, di questi l’89,6% ha scelto il tasso fisso, per il 78,25% dell’importo.</p>\n<h2>Quali sono le prospettive per i prossimi mesi?</h2>\n<p>Osserviamo una <strong>situazione molto fluida</strong>, in continuo cambiamento dovuta alle tensioni geopolitiche ed all’aumento dei tassi di interesse sui mutui, il cui rialzo, sebbene siano abbondantemente in territorio favorevole, scatena la grancassa degli organi di stampa, i quali, come cassandre, paventano apocalittici scenari.</p>\n<p><strong>I mutui, fintanto che rimarranno sotto la soglia del 5%, saranno comunque favorevoli</strong> ai consumatori, ed i rialzi della BCE, previsti dagli analisti, parlano di raggiungere la soglia del 3% non prima di giugno 2023. I tassi salgono, ma non saliranno per sempre, e vi sono strumenti, quali il mutuo “variabile con cap” che consentono adeguate protezioni.</p>\n<p><strong>Il mercato immobiliare genovese invece mostra un buono stato di salute</strong>, non lascia presagire volatilità nei valori e consente ancora ottimi investimenti. Sicuramente è il caso di affrettare il proprio acquisto, ma occorre farlo con serenità, senza farsi trascinare dalle emozioni, ma guidare da un <a href=\"https://immobiliaresegalerba.it/contatti/\" target=\"_blank\" rel=\"noopener\">professionista</a>.</p>','2022-09-26 13:29:08.125000','2022-10-04 15:17:31.945000',1,1),(2,'Mercato immobiliare: la sfida del recupero dell’entroterra.','mercato-immobiliare-la-sfida-del-recupero-dell-entroterra','<p>La pandemia ha cambiato le nostre vite ed ha alterato la nostra percezione nell’abitare le città metropolitane. Così, durante il primo lockdown nel 2020, con la fuga dalle città per raggiungere le seconde case in montagna, al lago, al mare, gli italiani hanno riscoperto quelle aree marginali meglio note come “aree interne o entroterra”. Complice lo smart working, anche quei territori un tempo dimenticati e snobbati hanno assunto una nuova dimensione del mercato immobiliare.</p>\n<p>Negli ultimi due anni abbiamo assistito alla nascita dal nulla di onniscienti discepoli che <strong>profetizzavano una nuova vita </strong><strong>per le aree rurali</strong>, solamente per un elementare, quanto ingenuo, processo di sottrazione: non posso più occupare le città a causa della pandemia, i comuni costieri della Liguria costano troppo, allora vado a occupare altri territori da tempo disabitati, con le mie idee smart, senza conoscere quali fattori, per lo più negativi e di sistema, le caratterizzano. Ed ecco sorgere dibattiti totalmente privi di basi sociologiche e culturali che denotano soltanto scarsa conoscenza dei territori, della loro storia e delle radici culturali che li caratterizzano.</p>\n<p>Se leggiamo i dati delle aree interne, si delinea un quadro che ci fa comprendere immediatamente <strong>la realtà delle cose</strong>: in Italia 10 milioni di abitanti vivono in aree interne carenti di servizi e infrastrutture; 16 milioni di abitanti vivono in province molto deficitarie e prive di servizi pubblici di ogni genere.</p>\n<p>Purtroppo negli anni si sono susseguite politiche sbagliate che hanno favorito l’abbandono delle aree alpine e appenniniche, senza ricambio generazionale, senza risolvere i problemi legati alle infrastrutture di base (strade, ospedali di primo soccorso, scuole).</p>\n<h2>Mercato immobiliare dell’entroterra ligure</h2>\n<p>Dalla Nota Territoriale di Statistica del compravenduto in Liguria, elaborata dalla Direzione Regionale dell’Agenzia delle Entrate e dai Dipartimenti Provinciali del Territorio, è emerso che nell’area della Città Metropolitana di Genova nel corso del 2021 sono state effettuate <strong>1295 compravendite nelle cosiddette “aree dell’entroterra”</strong>, rappresentando l’1,79% dell’IMI (differenza % tra il compravenduto e lo stock immobiliare), ed analizzando in maniera analitica i dati si ha evidenza di quanto in appresso:</p>\n<ul>\n<li>Val Petronio 106 NTN (numero di transazioni normalizzato)</li>\n<li>Valle Stura 122 NTN</li>\n<li>Valle Scrivia 693 NTN</li>\n<li>Val Fontanabuona 374 NTN</li>\n</ul>\n<p>In Italia vi sono stati diversi casi dove architettura e politica hanno determinato il <strong>recupero </strong><strong>edilizio e sociale</strong> di una serie di paesini dimenticati, attraverso progetti mirati a rivitalizzare borghi e frazioni dimenticate. Grazie al lavoro sapiente dei progettisti, si è manifestata la rivalorizzazione di singole porzioni di paesi, differenziandone le funzioni, riattivando sia la condizione demografica sia un’economia di sussistenza, consentendo così a luoghi abbandonati di ritornare alla vita.</p>\n<h2>La Borgata Alpisella di Garessio ed il progetto Selucente</h2>\n<p>Se le aree interne non sono attrattive per i progettisti, esistono comunque realtà interessanti come è accaduto recentemente con il recupero della borgata Alpisella di Garessio, in provincia di Cuneo, sulle Alpi Liguri al confine tra le province di Savona ed Imperia, con il <a href=\"http://www.selucente.it\" target=\"_blank\" rel=\"noopener\">progetto Selucente</a>.<br>\nCurato dallo Studio di Architettura Officina82 degli architetti Fabio Revetria e Lara Sappa, gratificati anche con il prestigioso premio di architettura internazionale “BIGSEE – Tourism Design Award Winter 2022” a Lubiana.</p>\n<p>In quella che era la piccola chiesa della piccola località è stata ricavata l’accoglienza dei turisti, mentre nella restante parte dell’area sono state allestite la Glam Box e la StarBox.</p>\n<p>La <strong>GlamBox</strong> è un modulo ricettivo in legno ispirato all’architettura rurale delle Alpi Liguri. Le sue aperture, così come i tagli nella copertura, offrono una vista privilegiata sul paesaggio circostante. La particolarità di GlamBOX è il letto, pensato su ruote per essere comodamente portato sulla pedana antistante e ammirare il cielo stellato.</p>\n<p>La <strong>Starbox</strong> è invece l’esperienza glamping più innovativa del momento, una casetta in legno col tetto apribile per stare sdraiati sotto il cielo stellato.<br>\nUn progetto innovativo che dimostra quanto sia fattibile per i piccoli borghi italiani una possibilità di rinascita sociale ed economica, dovuta in particolare al forte sviluppo della richiesta turistica.</p>\n<p>L’Italia è costellata di tanti piccoli borghi storici medievali, ma anche da tanti piccoli comuni, entro i 5000 abitanti. Questi, sebbene privi di interesse storico e artistico, costituiscono quel nucleo importante per la vita sociale e produttiva del nostro paese, spesso afflitti da un’economia spenta e da un mercato immobiliare da tempo in crisi.</p>\n<p><strong>Basterebbero davvero pochi, ma significativi progetti di riqualificazione</strong>, come quello raccontato, per garantire una ripresa economica di quei territori, evitare lo spopolamento e far ripartire il mercato immobiliare turistico. Occorre fare sistema, ma tutti assieme, le Istituzioni, gli amministratori locali e tutti gli stakeholder che compongono il mercato immobiliare.</p>\n<p>&nbsp;</p>\n<p><a href=\"https://immobiliaresegalerba.it/chi-siamo/\"><em><strong>Fabrizio Segalerba</strong></em></a></p>\n<p><em>Agente immobiliare certificato – Segretario nazionale FIAIP</em></p>','2022-09-26 13:31:19.451000','2022-10-04 13:46:06.010000',1,1),(3,'Quando si considera pertinenziale il posto auto?','quando-si-considera-pertinenziale-il-posto-auto','\n						<p>La normativa sui parcheggi è quanto mai complessa e frammentaria in quanto in base all’anno di costruzione e alla categoria di appartenenza cambia la disciplina che ne regola il trasferimento. Proviamo a vedere in maniera sintetica la disciplina applicabile.</p>\n<h2>1967 la Legge 756/67 meglio conosciuta come Legge Ponte</h2>\n<p>A partire dal 1967 sono stati introdotti i parcheggi obbligatori. Infatti l’art. 41 sexties della Legge urbanistica 1150/42 introdotto dalla legge Ponte ha stabilito che nelle nuove costruzioni devono essere riservati appositi spazi a parcheggio in misura non inferiore a un metro quadrato per ogni dieci metri cubi di costruzione.</p>\n<p>La normativa ha pertanto introdotto uno stretto collegamento tra il rilascio della concessione edilizia e la destinazione di una data determinata area a parcheggio. Pertanto a partire dal 1 settembre 1967 tutte le nuove costruzioni per ottenere il rilascio del provvedimento edilizio dovevano prevedere tali aree. La Giurisprudenza è intervenuta più volte in materia ritenendo che tali posti auto possano essere liberamente commerciabili separatamente dall’immobile residenziale ma a favore dell’utilizzatore di quest’ultimo si costituisce un diritto d’uso.</p>\n<h2>La Legge 122/1989 meglio conosciuta come Legge Tognoli</h2>\n<p>Questa norma ancora molto attuale oltre a prevedere agevolazioni fiscali per la costruzione dei parcheggi facoltativi, e la costruzioni dei parcheggi nel sottosuolo anche in deroga ai vigenti strumenti urbanistici, ha sancito espressamente il divieto di alienazione di questi posti auto separatamente dall’immobile .</p>\n<h2>La Legge 246/2005</h2>\n<p>Una importante innovazione è stata invece introdotta dalla Legge 246/2005 che introducendo un secondo comma all’art. 41 sexties ha stabilito che gli spazi a parcheggio non sono gravati da vincoli di sorta ne da diritto di uso e sono trasferibili autonomamente.<br>\nPertanto a partire dal 16 dicembre 2005 è stato introdotto un regime di libera trasferibilità degli spazi a parcheggio.</p>\n<h2>Conclusioni</h2>\n<p>1) Sono liberamente trasferibili i parcheggi costruiti anteriormente al 1 settembre 1967.<br>\n2) Sono liberamente trasferibili i parcheggi costruiti in eccedenza rispetto al vincolo di cui all’art. 41 sexities.<br>\n3) I parcheggi costruiti tra il 1967 ed il 2005 sono alienabili con vincolo ex 41 sexties, con la conseguenza che seppure la proprietà è trasferita ad altri colui che abita l’immobile ha il relativo diritto d’uso.<br>\n4) I parcheggi costruiti con agevolazioni fiscali di cui alla Legge Tognoli non sono mai liberamente alienabili separatamente.<br>\n5) Sono liberamente trasferibili i parcheggi costruiti senza agevolazioni successivamente al 16 dicembre 2005.</p>\n','2022-09-26 13:33:03.780000','2022-10-04 15:18:36.246000',1,1),(4,'Immobili soggetti a vincolo, mancata notifica','immobili-soggetti-a-vincolo-mancata-notifica','\n						<h2>Le cause di mancata notifica alla Soprintendenza del rogito di compravendita per immobili soggetti a vincolo</h2>\n<p>&nbsp;</p>\n<p>L’omissione di notifica di compravendita di immobili soggetti a vincolo può essere originata da diverse motivazioni, di solito quelle più abituali sono:</p>\n<ol>\n<li>a) dimenticanza, ovvero il notaio ha meramente sbagliato, “bucando” il vincolo;</li>\n<li>b) erroneo di procedimento di denuncia;</li>\n<li>c) ritardo nella denuncia;</li>\n<li>d) proprietario “inconsapevole” di possedere un bene soggetto al vincolo;</li>\n<li>e) agente immobiliare che non ha effettuato le opportune verifiche preliminari comunicandole al notaio.</li>\n</ol>\n<h2>Cosa succede in caso di omissione di denuncia?</h2>\n<p>Cosa succede se il rogito di immobili soggetti a vincolo non rispetta le formalità previste dal D.lgs.42/2004, se chi deve dimentica di notificare l’atto alla competente Soprintendenza?</p>\n<p>La normativa prevede la possibilità di sanare l’omissione della denuncia attraverso un adempimento tardivo, disciplinato all’art. 61 comma 2, D.lgs. 42/2004. In alternativa al termine fisiologico di 60 giorni, la citata disposizione, per il caso di denuncia omessa o tardiva, prevede un termine allungato di centottanta giorni dalla data di recezione della denuncia stessa da parte del Ministero.</p>\n<p>&nbsp;</p>\n<p>Nelle ipotesi in cui non venga effettuata neanche la denuncia tardiva, il trasferimento del bene risulta viziato. L’articolo 164 D.lgs. 42/2004 parla chiaro: «Le alienazioni, le convenzioni e gli atti giuridici in genere, compiuti contro i divieti stabiliti dalle disposizioni del titolo I della parte II, o senza l’osservanza delle condizioni e le modalità da esse prescritte, sono nulli».</p>\n<p>Un’isolata dottrina ha sostenuto che si tratti di nullità assoluta, in considerazione della generica formulazione della norma.</p>\n<p>&nbsp;</p>\n<p>Altra parte della dottrina, e la costante giurisprudenza di Cassazione, giungono ad una qualificazione di detta nullità in termini di nullità relativa, che, in quanto nullità “protettiva” di interessi pubblici, potrebbe essere fatta valere solo dallo Stato.</p>\n<p>La prevalente dottrina, ritiene, invece, che la sanzione comminata non sia di nullità, piuttosto di inefficacia relativa e successiva. In caso di omissione delle formalità prescritte, l’atto è valido, ma inopponibile allo Stato.</p>\n<h2>Come rimediare?</h2>\n<p>Ebbene qualche settimana fa siamo giunti al termine di una trattativa iniziata due anni prima!</p>\n<p>Palazzo del tessuto storico, edificato presumibilmente intorno alla metà del quattrocento e, a seguito dei bombardamenti del Royal Navy abbattutisi su Genova il 9 febbraio 1941, il palazzo crollò. Edificato negli anni 60 in cemento armato, ottenne l’abitabilità nel 1963.</p>\n<p>La Soprintendenza lo sottopose a vincolo con atto di luglio 1965, in quanto rimane sul lato destro rispetto al portone delle antiche arcate quattrocentesche.&nbsp;L’immobile venne compravenduto una prima volta nel 1968 ed il rogito fu notificato alla Soprintendenza. Nel 1973 altra compravendita, ma il notaio non fece menzione del vincolo e neppure notificò quel rogito. Nel 1988 l’immobile passa ancora di mano ed anche questa volta nessuna notifica alla Soprintendenza. Idem nel 1994, quando l’immobile venne acquistato dalla mamma degli odierni venditori.</p>\n<p>Che fare? Ebbene il notaio incaricato del rogito ha dovuto notificare alla Soprintendenza l’atto del 1973, trascorsi i 180 giorni, abbiamo provveduto a notificare il rogito del 1988, dopodiché altri 180 giorni di attesa e si è proceduto a notificare il rogito del 1994.&nbsp;Sanato il periodo pregresso, abbiamo effettuato finalmente il nostro rogito provvedendo a notificare l’atto alla Soprintendenza.</p>\n<p>Alla luce di quanto emerso e&nbsp;onde&nbsp;evitare brutte sorprese, affidati alla competenza di professionisti esperti,&nbsp;<a href=\"https://www.immobiliaresegalerba.net/contattaci/\" target=\"_blank\" rel=\"noopener\">contattaci</a>.</p>','2022-09-26 13:34:31.286000','2022-10-04 15:18:25.167000',1,1),(5,'La compravendita di immobili soggetti al vincolo della Soprintendenza','la-compravendita-di-immobili-soggetti-al-vincolo-della-soprintendenza','\n						<h2>Quali sono i vincoli sui beni immobili?</h2>\n<p>I vincoli sui beni di interesse storico-culturale possono essere diversi. Dal punto di vista giuridico ci interessa il diritto di prelazione.</p>\n<p>Esso è facilmente riscontrabile in quanto la dichiarazione che accerti l’interesse storico e culturale del bene deve essere trascritta nei Pubblici Registri.</p>\n<p>&nbsp;</p>\n<p>Genova ha il centro storico più grande d’Europa e un patrimonio artistico importante, quindi sono numerosi gli immobili sottoposti a vincoli. Per questa ragione succede spesso di effettuare compravendite di unità immobiliari soggette al vincolo del D.Lgs 42/2004 – Codice dei beni culturali e del paesaggio.</p>\n<p>Per evitare sorprese visitiamo il sito della Soprintendenza della Liguria per consultarne l’<a href=\"http://www.liguriavincoli.it/\" target=\"_blank\" rel=\"noopener\">elenco</a>.</p>\n<h2>L’esercizio della prelazione da parte dello Stato.</h2>\n<p>È importante sapere che la prelazione dello Stato è connessa soltanto all’iniziativa negoziale dei privati nella fase del trasferimento immobiliare. Non in una fase precedente, come ad esempio il preliminare, come avviene in tutte le altre prelazioni.</p>\n<p>&nbsp;</p>\n<p>Come avviene? Le parti debbono stipulare il normale contratto di compravendita. Successivamente alla stipula, il notaio effettua la notifica del contratto stipulato alla Soprintendenza competente nel termine di 30 giorni. Il Ministero ed gli Enti territoriali interessati (Regione, Provincia, Comune, Università…), dal momento della notifica, disporranno di 60 giorni per decidere se esercitare o meno il diritto di prelazione. Lo Stato, se decide di esercitare il diritto di prelazione, lo comunica nel termine previsto. Procede quindi all’acquisto alle medesime condizioni pattuite tra le parti ed il contratto stipulato con l’acquirente si intende risolto per avveramento della condizione sospensiva.</p>\n<h2>In pendenza dei termini cosa succede?</h2>\n<p>L’atto di trasferimento è valido, ma non efficace perché soggetto a condizione sospensiva. Per 60 giorni gli effetti definitivi del negozio giuridico, tra cui l’alienazione e il corrispondente acquisto della titolarità del diritto, rimangono sospesi.</p>\n<p>Il venditore non può consegnare il bene all’acquirente, mentre il prezzo resta in deposito al Notaio rogante, in attesa che venga esercitata o meno la prelazione.</p>\n<h2>La prelazione dello Stato costituisce una condizione di diritto sospensivo del negozio.</h2>\n<p>Il completamento del negozio giuridico è sospensivamente condizionato al mancato esercizio della prelazione nel termine di legge. Trascorso il termine senza l’esercizio del diritto di prelazione, il negozio produce retroattivamente i suoi effetti tra le parti e verso i terzi. Ciò può essere pubblicizzato nei Registri Immobiliari dal notaio con conseguente annotamento dell’atto.</p>\n<p>&nbsp;</p>\n<p>L’acquirente è tutelato sia perché l’atto notarile di compravendita viene regolarmente trascritto, sia perché il pagamento del prezzo rimarrà in deposito al Notaio.</p>\n<h3>Che cosa succede se il rogito non è stato notificato alla Soprintendenza? E’ vero che gli immobili sottoposti a vincoli godono di un particolare regime fiscale?</h3>\n<p>A queste domande però risponderemo nel prossimo articolo.</p>\n','2022-09-26 13:36:30.300000','2022-10-04 15:18:16.161000',1,1);
/*!40000 ALTER TABLE `posts` ENABLE KEYS */;
UNLOCK TABLES;

--
-- Table structure for table `posts_author_links`
--

DROP TABLE IF EXISTS `posts_author_links`;
/*!40101 SET @saved_cs_client     = @@character_set_client */;
/*!50503 SET character_set_client = utf8mb4 */;
CREATE TABLE `posts_author_links` (
  `id` int unsigned NOT NULL AUTO_INCREMENT,
  `post_id` int unsigned DEFAULT NULL,
  `author_id` int unsigned DEFAULT NULL,
  PRIMARY KEY (`id`),
  KEY `posts_author_links_fk` (`post_id`),
  KEY `posts_author_links_inv_fk` (`author_id`),
  CONSTRAINT `posts_author_links_fk` FOREIGN KEY (`post_id`) REFERENCES `posts` (`id`) ON DELETE CASCADE,
  CONSTRAINT `posts_author_links_inv_fk` FOREIGN KEY (`author_id`) REFERENCES `authors` (`id`) ON DELETE CASCADE
) ENGINE=InnoDB AUTO_INCREMENT=17 DEFAULT CHARSET=utf8mb4 COLLATE=utf8mb4_0900_ai_ci;
/*!40101 SET character_set_client = @saved_cs_client */;

--
-- Dumping data for table `posts_author_links`
--

LOCK TABLES `posts_author_links` WRITE;
/*!40000 ALTER TABLE `posts_author_links` DISABLE KEYS */;
INSERT INTO `posts_author_links` VALUES (9,2,1),(13,1,1),(14,5,1),(15,4,1),(16,3,2);
/*!40000 ALTER TABLE `posts_author_links` ENABLE KEYS */;
UNLOCK TABLES;

--
-- Table structure for table `servizis`
--

DROP TABLE IF EXISTS `servizis`;
/*!40101 SET @saved_cs_client     = @@character_set_client */;
/*!50503 SET character_set_client = utf8mb4 */;
CREATE TABLE `servizis` (
  `id` int unsigned NOT NULL AUTO_INCREMENT,
  `created_at` datetime(6) DEFAULT NULL,
  `updated_at` datetime(6) DEFAULT NULL,
  `created_by_id` int unsigned DEFAULT NULL,
  `updated_by_id` int unsigned DEFAULT NULL,
  `title` varchar(255) DEFAULT NULL,
  `text` longtext,
  PRIMARY KEY (`id`),
  KEY `servizis_created_by_id_fk` (`created_by_id`),
  KEY `servizis_updated_by_id_fk` (`updated_by_id`),
  CONSTRAINT `servizis_created_by_id_fk` FOREIGN KEY (`created_by_id`) REFERENCES `admin_users` (`id`) ON DELETE SET NULL,
  CONSTRAINT `servizis_updated_by_id_fk` FOREIGN KEY (`updated_by_id`) REFERENCES `admin_users` (`id`) ON DELETE SET NULL
) ENGINE=InnoDB AUTO_INCREMENT=2 DEFAULT CHARSET=utf8mb4 COLLATE=utf8mb4_0900_ai_ci;
/*!40101 SET character_set_client = @saved_cs_client */;

--
-- Dumping data for table `servizis`
--

LOCK TABLES `servizis` WRITE;
/*!40000 ALTER TABLE `servizis` DISABLE KEYS */;
INSERT INTO `servizis` VALUES (1,'2022-09-26 17:43:22.904000','2022-09-26 18:08:32.313000',1,1,'Ci piace il lavoro di squadra','<p>Abbiamo scelto di condividere competenze e opportunità con una rete di agenzie qualificate che ci\n              permettono di seguire il cliente in modo responsabile, garantendogli il migliore dei servizi. Il nostro\n              metodo di lavoro ha ottenuto la certificazione di qualità <strong>ISO 9001 certificato DNW-GL</strong>.\n            </p>');
/*!40000 ALTER TABLE `servizis` ENABLE KEYS */;
UNLOCK TABLES;

--
-- Table structure for table `servizis_components`
--

DROP TABLE IF EXISTS `servizis_components`;
/*!40101 SET @saved_cs_client     = @@character_set_client */;
/*!50503 SET character_set_client = utf8mb4 */;
CREATE TABLE `servizis_components` (
  `id` int unsigned NOT NULL AUTO_INCREMENT,
  `entity_id` int unsigned DEFAULT NULL,
  `component_id` int unsigned DEFAULT NULL,
  `component_type` varchar(255) DEFAULT NULL,
  `field` varchar(255) DEFAULT NULL,
  `order` int unsigned DEFAULT '0',
  PRIMARY KEY (`id`),
  KEY `servizis_field_index` (`field`),
  KEY `servizis_component_type_index` (`component_type`),
  KEY `servizis_entity_fk` (`entity_id`),
  CONSTRAINT `servizis_entity_fk` FOREIGN KEY (`entity_id`) REFERENCES `servizis` (`id`) ON DELETE CASCADE
) ENGINE=InnoDB AUTO_INCREMENT=18 DEFAULT CHARSET=utf8mb4 COLLATE=utf8mb4_0900_ai_ci;
/*!40101 SET character_set_client = @saved_cs_client */;

--
-- Dumping data for table `servizis_components`
--

LOCK TABLES `servizis_components` WRITE;
/*!40000 ALTER TABLE `servizis_components` DISABLE KEYS */;
INSERT INTO `servizis_components` VALUES (14,1,1,'global.page-intro','page_intro',1),(15,1,1,'repeater.servizi-items','servizi_items',1),(16,1,2,'repeater.servizi-items','servizi_items',2),(17,1,3,'repeater.servizi-items','servizi_items',3);
/*!40000 ALTER TABLE `servizis_components` ENABLE KEYS */;
UNLOCK TABLES;

--
-- Table structure for table `strapi_api_tokens`
--

DROP TABLE IF EXISTS `strapi_api_tokens`;
/*!40101 SET @saved_cs_client     = @@character_set_client */;
/*!50503 SET character_set_client = utf8mb4 */;
CREATE TABLE `strapi_api_tokens` (
  `id` int unsigned NOT NULL AUTO_INCREMENT,
  `name` varchar(255) DEFAULT NULL,
  `description` varchar(255) DEFAULT NULL,
  `type` varchar(255) DEFAULT NULL,
  `access_key` varchar(255) DEFAULT NULL,
  `created_at` datetime(6) DEFAULT NULL,
  `updated_at` datetime(6) DEFAULT NULL,
  `created_by_id` int unsigned DEFAULT NULL,
  `updated_by_id` int unsigned DEFAULT NULL,
  PRIMARY KEY (`id`),
  KEY `strapi_api_tokens_created_by_id_fk` (`created_by_id`),
  KEY `strapi_api_tokens_updated_by_id_fk` (`updated_by_id`),
  CONSTRAINT `strapi_api_tokens_created_by_id_fk` FOREIGN KEY (`created_by_id`) REFERENCES `admin_users` (`id`) ON DELETE SET NULL,
  CONSTRAINT `strapi_api_tokens_updated_by_id_fk` FOREIGN KEY (`updated_by_id`) REFERENCES `admin_users` (`id`) ON DELETE SET NULL
) ENGINE=InnoDB DEFAULT CHARSET=utf8mb4 COLLATE=utf8mb4_0900_ai_ci;
/*!40101 SET character_set_client = @saved_cs_client */;

--
-- Dumping data for table `strapi_api_tokens`
--

LOCK TABLES `strapi_api_tokens` WRITE;
/*!40000 ALTER TABLE `strapi_api_tokens` DISABLE KEYS */;
/*!40000 ALTER TABLE `strapi_api_tokens` ENABLE KEYS */;
UNLOCK TABLES;

--
-- Table structure for table `strapi_core_store_settings`
--

DROP TABLE IF EXISTS `strapi_core_store_settings`;
/*!40101 SET @saved_cs_client     = @@character_set_client */;
/*!50503 SET character_set_client = utf8mb4 */;
CREATE TABLE `strapi_core_store_settings` (
  `id` int unsigned NOT NULL AUTO_INCREMENT,
  `key` varchar(255) DEFAULT NULL,
  `value` longtext,
  `type` varchar(255) DEFAULT NULL,
  `environment` varchar(255) DEFAULT NULL,
  `tag` varchar(255) DEFAULT NULL,
  PRIMARY KEY (`id`)
) ENGINE=InnoDB AUTO_INCREMENT=39 DEFAULT CHARSET=utf8mb4 COLLATE=utf8mb4_0900_ai_ci;
/*!40101 SET character_set_client = @saved_cs_client */;

--
-- Dumping data for table `strapi_core_store_settings`
--

LOCK TABLES `strapi_core_store_settings` WRITE;
/*!40000 ALTER TABLE `strapi_core_store_settings` DISABLE KEYS */;
INSERT INTO `strapi_core_store_settings` VALUES (1,'strapi_content_types_schema','{\"admin::permission\":{\"collectionName\":\"admin_permissions\",\"info\":{\"name\":\"Permission\",\"description\":\"\",\"singularName\":\"permission\",\"pluralName\":\"permissions\",\"displayName\":\"Permission\"},\"options\":{},\"pluginOptions\":{\"content-manager\":{\"visible\":false},\"content-type-builder\":{\"visible\":false}},\"attributes\":{\"action\":{\"type\":\"string\",\"minLength\":1,\"configurable\":false,\"required\":true},\"subject\":{\"type\":\"string\",\"minLength\":1,\"configurable\":false,\"required\":false},\"properties\":{\"type\":\"json\",\"configurable\":false,\"required\":false,\"default\":{}},\"conditions\":{\"type\":\"json\",\"configurable\":false,\"required\":false,\"default\":[]},\"role\":{\"configurable\":false,\"type\":\"relation\",\"relation\":\"manyToOne\",\"inversedBy\":\"permissions\",\"target\":\"admin::role\"},\"createdAt\":{\"type\":\"datetime\"},\"updatedAt\":{\"type\":\"datetime\"},\"createdBy\":{\"type\":\"relation\",\"relation\":\"oneToOne\",\"target\":\"admin::user\",\"configurable\":false,\"writable\":false,\"visible\":false,\"useJoinTable\":false,\"private\":true},\"updatedBy\":{\"type\":\"relation\",\"relation\":\"oneToOne\",\"target\":\"admin::user\",\"configurable\":false,\"writable\":false,\"visible\":false,\"useJoinTable\":false,\"private\":true}},\"kind\":\"collectionType\",\"__schema__\":{\"collectionName\":\"admin_permissions\",\"info\":{\"name\":\"Permission\",\"description\":\"\",\"singularName\":\"permission\",\"pluralName\":\"permissions\",\"displayName\":\"Permission\"},\"options\":{},\"pluginOptions\":{\"content-manager\":{\"visible\":false},\"content-type-builder\":{\"visible\":false}},\"attributes\":{\"action\":{\"type\":\"string\",\"minLength\":1,\"configurable\":false,\"required\":true},\"subject\":{\"type\":\"string\",\"minLength\":1,\"configurable\":false,\"required\":false},\"properties\":{\"type\":\"json\",\"configurable\":false,\"required\":false,\"default\":{}},\"conditions\":{\"type\":\"json\",\"configurable\":false,\"required\":false,\"default\":[]},\"role\":{\"configurable\":false,\"type\":\"relation\",\"relation\":\"manyToOne\",\"inversedBy\":\"permissions\",\"target\":\"admin::role\"}},\"kind\":\"collectionType\"},\"modelType\":\"contentType\",\"modelName\":\"permission\",\"connection\":\"default\",\"uid\":\"admin::permission\",\"plugin\":\"admin\",\"globalId\":\"AdminPermission\"},\"admin::user\":{\"collectionName\":\"admin_users\",\"info\":{\"name\":\"User\",\"description\":\"\",\"singularName\":\"user\",\"pluralName\":\"users\",\"displayName\":\"User\"},\"pluginOptions\":{\"content-manager\":{\"visible\":false},\"content-type-builder\":{\"visible\":false}},\"attributes\":{\"firstname\":{\"type\":\"string\",\"unique\":false,\"minLength\":1,\"configurable\":false,\"required\":false},\"lastname\":{\"type\":\"string\",\"unique\":false,\"minLength\":1,\"configurable\":false,\"required\":false},\"username\":{\"type\":\"string\",\"unique\":false,\"configurable\":false,\"required\":false},\"email\":{\"type\":\"email\",\"minLength\":6,\"configurable\":false,\"required\":true,\"unique\":true,\"private\":true},\"password\":{\"type\":\"password\",\"minLength\":6,\"configurable\":false,\"required\":false,\"private\":true},\"resetPasswordToken\":{\"type\":\"string\",\"configurable\":false,\"private\":true},\"registrationToken\":{\"type\":\"string\",\"configurable\":false,\"private\":true},\"isActive\":{\"type\":\"boolean\",\"default\":false,\"configurable\":false,\"private\":true},\"roles\":{\"configurable\":false,\"private\":true,\"type\":\"relation\",\"relation\":\"manyToMany\",\"inversedBy\":\"users\",\"target\":\"admin::role\",\"collectionName\":\"strapi_users_roles\"},\"blocked\":{\"type\":\"boolean\",\"default\":false,\"configurable\":false,\"private\":true},\"preferedLanguage\":{\"type\":\"string\",\"configurable\":false,\"required\":false},\"createdAt\":{\"type\":\"datetime\"},\"updatedAt\":{\"type\":\"datetime\"},\"createdBy\":{\"type\":\"relation\",\"relation\":\"oneToOne\",\"target\":\"admin::user\",\"configurable\":false,\"writable\":false,\"visible\":false,\"useJoinTable\":false,\"private\":true},\"updatedBy\":{\"type\":\"relation\",\"relation\":\"oneToOne\",\"target\":\"admin::user\",\"configurable\":false,\"writable\":false,\"visible\":false,\"useJoinTable\":false,\"private\":true}},\"kind\":\"collectionType\",\"__schema__\":{\"collectionName\":\"admin_users\",\"info\":{\"name\":\"User\",\"description\":\"\",\"singularName\":\"user\",\"pluralName\":\"users\",\"displayName\":\"User\"},\"pluginOptions\":{\"content-manager\":{\"visible\":false},\"content-type-builder\":{\"visible\":false}},\"attributes\":{\"firstname\":{\"type\":\"string\",\"unique\":false,\"minLength\":1,\"configurable\":false,\"required\":false},\"lastname\":{\"type\":\"string\",\"unique\":false,\"minLength\":1,\"configurable\":false,\"required\":false},\"username\":{\"type\":\"string\",\"unique\":false,\"configurable\":false,\"required\":false},\"email\":{\"type\":\"email\",\"minLength\":6,\"configurable\":false,\"required\":true,\"unique\":true,\"private\":true},\"password\":{\"type\":\"password\",\"minLength\":6,\"configurable\":false,\"required\":false,\"private\":true},\"resetPasswordToken\":{\"type\":\"string\",\"configurable\":false,\"private\":true},\"registrationToken\":{\"type\":\"string\",\"configurable\":false,\"private\":true},\"isActive\":{\"type\":\"boolean\",\"default\":false,\"configurable\":false,\"private\":true},\"roles\":{\"configurable\":false,\"private\":true,\"type\":\"relation\",\"relation\":\"manyToMany\",\"inversedBy\":\"users\",\"target\":\"admin::role\",\"collectionName\":\"strapi_users_roles\"},\"blocked\":{\"type\":\"boolean\",\"default\":false,\"configurable\":false,\"private\":true},\"preferedLanguage\":{\"type\":\"string\",\"configurable\":false,\"required\":false}},\"kind\":\"collectionType\"},\"modelType\":\"contentType\",\"modelName\":\"user\",\"connection\":\"default\",\"uid\":\"admin::user\",\"plugin\":\"admin\",\"globalId\":\"AdminUser\"},\"admin::role\":{\"collectionName\":\"admin_roles\",\"info\":{\"name\":\"Role\",\"description\":\"\",\"singularName\":\"role\",\"pluralName\":\"roles\",\"displayName\":\"Role\"},\"options\":{},\"pluginOptions\":{\"content-manager\":{\"visible\":false},\"content-type-builder\":{\"visible\":false}},\"attributes\":{\"name\":{\"type\":\"string\",\"minLength\":1,\"unique\":true,\"configurable\":false,\"required\":true},\"code\":{\"type\":\"string\",\"minLength\":1,\"unique\":true,\"configurable\":false,\"required\":true},\"description\":{\"type\":\"string\",\"configurable\":false},\"users\":{\"configurable\":false,\"type\":\"relation\",\"relation\":\"manyToMany\",\"mappedBy\":\"roles\",\"target\":\"admin::user\"},\"permissions\":{\"configurable\":false,\"type\":\"relation\",\"relation\":\"oneToMany\",\"mappedBy\":\"role\",\"target\":\"admin::permission\"},\"createdAt\":{\"type\":\"datetime\"},\"updatedAt\":{\"type\":\"datetime\"},\"createdBy\":{\"type\":\"relation\",\"relation\":\"oneToOne\",\"target\":\"admin::user\",\"configurable\":false,\"writable\":false,\"visible\":false,\"useJoinTable\":false,\"private\":true},\"updatedBy\":{\"type\":\"relation\",\"relation\":\"oneToOne\",\"target\":\"admin::user\",\"configurable\":false,\"writable\":false,\"visible\":false,\"useJoinTable\":false,\"private\":true}},\"kind\":\"collectionType\",\"__schema__\":{\"collectionName\":\"admin_roles\",\"info\":{\"name\":\"Role\",\"description\":\"\",\"singularName\":\"role\",\"pluralName\":\"roles\",\"displayName\":\"Role\"},\"options\":{},\"pluginOptions\":{\"content-manager\":{\"visible\":false},\"content-type-builder\":{\"visible\":false}},\"attributes\":{\"name\":{\"type\":\"string\",\"minLength\":1,\"unique\":true,\"configurable\":false,\"required\":true},\"code\":{\"type\":\"string\",\"minLength\":1,\"unique\":true,\"configurable\":false,\"required\":true},\"description\":{\"type\":\"string\",\"configurable\":false},\"users\":{\"configurable\":false,\"type\":\"relation\",\"relation\":\"manyToMany\",\"mappedBy\":\"roles\",\"target\":\"admin::user\"},\"permissions\":{\"configurable\":false,\"type\":\"relation\",\"relation\":\"oneToMany\",\"mappedBy\":\"role\",\"target\":\"admin::permission\"}},\"kind\":\"collectionType\"},\"modelType\":\"contentType\",\"modelName\":\"role\",\"connection\":\"default\",\"uid\":\"admin::role\",\"plugin\":\"admin\",\"globalId\":\"AdminRole\"},\"admin::api-token\":{\"collectionName\":\"strapi_api_tokens\",\"info\":{\"name\":\"Api Token\",\"singularName\":\"api-token\",\"pluralName\":\"api-tokens\",\"displayName\":\"Api Token\",\"description\":\"\"},\"options\":{},\"pluginOptions\":{\"content-manager\":{\"visible\":false},\"content-type-builder\":{\"visible\":false}},\"attributes\":{\"name\":{\"type\":\"string\",\"minLength\":1,\"configurable\":false,\"required\":true},\"description\":{\"type\":\"string\",\"minLength\":1,\"configurable\":false,\"required\":false,\"default\":\"\"},\"type\":{\"type\":\"enumeration\",\"enum\":[\"read-only\",\"full-access\"],\"configurable\":false,\"required\":false,\"default\":\"read-only\"},\"accessKey\":{\"type\":\"string\",\"minLength\":1,\"configurable\":false,\"required\":true},\"createdAt\":{\"type\":\"datetime\"},\"updatedAt\":{\"type\":\"datetime\"},\"createdBy\":{\"type\":\"relation\",\"relation\":\"oneToOne\",\"target\":\"admin::user\",\"configurable\":false,\"writable\":false,\"visible\":false,\"useJoinTable\":false,\"private\":true},\"updatedBy\":{\"type\":\"relation\",\"relation\":\"oneToOne\",\"target\":\"admin::user\",\"configurable\":false,\"writable\":false,\"visible\":false,\"useJoinTable\":false,\"private\":true}},\"kind\":\"collectionType\",\"__schema__\":{\"collectionName\":\"strapi_api_tokens\",\"info\":{\"name\":\"Api Token\",\"singularName\":\"api-token\",\"pluralName\":\"api-tokens\",\"displayName\":\"Api Token\",\"description\":\"\"},\"options\":{},\"pluginOptions\":{\"content-manager\":{\"visible\":false},\"content-type-builder\":{\"visible\":false}},\"attributes\":{\"name\":{\"type\":\"string\",\"minLength\":1,\"configurable\":false,\"required\":true},\"description\":{\"type\":\"string\",\"minLength\":1,\"configurable\":false,\"required\":false,\"default\":\"\"},\"type\":{\"type\":\"enumeration\",\"enum\":[\"read-only\",\"full-access\"],\"configurable\":false,\"required\":false,\"default\":\"read-only\"},\"accessKey\":{\"type\":\"string\",\"minLength\":1,\"configurable\":false,\"required\":true}},\"kind\":\"collectionType\"},\"modelType\":\"contentType\",\"modelName\":\"api-token\",\"connection\":\"default\",\"uid\":\"admin::api-token\",\"plugin\":\"admin\",\"globalId\":\"AdminApiToken\"},\"plugin::upload.file\":{\"collectionName\":\"files\",\"info\":{\"singularName\":\"file\",\"pluralName\":\"files\",\"displayName\":\"File\",\"description\":\"\"},\"options\":{},\"pluginOptions\":{\"content-manager\":{\"visible\":false},\"content-type-builder\":{\"visible\":false}},\"attributes\":{\"name\":{\"type\":\"string\",\"configurable\":false,\"required\":true},\"alternativeText\":{\"type\":\"string\",\"configurable\":false},\"caption\":{\"type\":\"string\",\"configurable\":false},\"width\":{\"type\":\"integer\",\"configurable\":false},\"height\":{\"type\":\"integer\",\"configurable\":false},\"formats\":{\"type\":\"json\",\"configurable\":false},\"hash\":{\"type\":\"string\",\"configurable\":false,\"required\":true},\"ext\":{\"type\":\"string\",\"configurable\":false},\"mime\":{\"type\":\"string\",\"configurable\":false,\"required\":true},\"size\":{\"type\":\"decimal\",\"configurable\":false,\"required\":true},\"url\":{\"type\":\"string\",\"configurable\":false,\"required\":true},\"previewUrl\":{\"type\":\"string\",\"configurable\":false},\"provider\":{\"type\":\"string\",\"configurable\":false,\"required\":true},\"provider_metadata\":{\"type\":\"json\",\"configurable\":false},\"related\":{\"type\":\"relation\",\"relation\":\"morphToMany\",\"configurable\":false},\"folder\":{\"type\":\"relation\",\"relation\":\"manyToOne\",\"target\":\"plugin::upload.folder\",\"inversedBy\":\"files\",\"private\":true},\"folderPath\":{\"type\":\"string\",\"min\":1,\"required\":true,\"private\":true},\"createdAt\":{\"type\":\"datetime\"},\"updatedAt\":{\"type\":\"datetime\"},\"createdBy\":{\"type\":\"relation\",\"relation\":\"oneToOne\",\"target\":\"admin::user\",\"configurable\":false,\"writable\":false,\"visible\":false,\"useJoinTable\":false,\"private\":true},\"updatedBy\":{\"type\":\"relation\",\"relation\":\"oneToOne\",\"target\":\"admin::user\",\"configurable\":false,\"writable\":false,\"visible\":false,\"useJoinTable\":false,\"private\":true}},\"indexes\":[{\"name\":\"upload_files_folder_path_index\",\"columns\":[\"folder_path\"],\"type\":null}],\"kind\":\"collectionType\",\"__schema__\":{\"collectionName\":\"files\",\"info\":{\"singularName\":\"file\",\"pluralName\":\"files\",\"displayName\":\"File\",\"description\":\"\"},\"options\":{},\"pluginOptions\":{\"content-manager\":{\"visible\":false},\"content-type-builder\":{\"visible\":false}},\"attributes\":{\"name\":{\"type\":\"string\",\"configurable\":false,\"required\":true},\"alternativeText\":{\"type\":\"string\",\"configurable\":false},\"caption\":{\"type\":\"string\",\"configurable\":false},\"width\":{\"type\":\"integer\",\"configurable\":false},\"height\":{\"type\":\"integer\",\"configurable\":false},\"formats\":{\"type\":\"json\",\"configurable\":false},\"hash\":{\"type\":\"string\",\"configurable\":false,\"required\":true},\"ext\":{\"type\":\"string\",\"configurable\":false},\"mime\":{\"type\":\"string\",\"configurable\":false,\"required\":true},\"size\":{\"type\":\"decimal\",\"configurable\":false,\"required\":true},\"url\":{\"type\":\"string\",\"configurable\":false,\"required\":true},\"previewUrl\":{\"type\":\"string\",\"configurable\":false},\"provider\":{\"type\":\"string\",\"configurable\":false,\"required\":true},\"provider_metadata\":{\"type\":\"json\",\"configurable\":false},\"related\":{\"type\":\"relation\",\"relation\":\"morphToMany\",\"configurable\":false},\"folder\":{\"type\":\"relation\",\"relation\":\"manyToOne\",\"target\":\"plugin::upload.folder\",\"inversedBy\":\"files\",\"private\":true},\"folderPath\":{\"type\":\"string\",\"min\":1,\"required\":true,\"private\":true}},\"kind\":\"collectionType\"},\"modelType\":\"contentType\",\"modelName\":\"file\",\"connection\":\"default\",\"uid\":\"plugin::upload.file\",\"plugin\":\"upload\",\"globalId\":\"UploadFile\"},\"plugin::upload.folder\":{\"collectionName\":\"upload_folders\",\"info\":{\"singularName\":\"folder\",\"pluralName\":\"folders\",\"displayName\":\"Folder\"},\"options\":{},\"pluginOptions\":{\"content-manager\":{\"visible\":false},\"content-type-builder\":{\"visible\":false}},\"attributes\":{\"name\":{\"type\":\"string\",\"min\":1,\"required\":true},\"pathId\":{\"type\":\"integer\",\"unique\":true,\"required\":true},\"parent\":{\"type\":\"relation\",\"relation\":\"manyToOne\",\"target\":\"plugin::upload.folder\",\"inversedBy\":\"children\"},\"children\":{\"type\":\"relation\",\"relation\":\"oneToMany\",\"target\":\"plugin::upload.folder\",\"mappedBy\":\"parent\"},\"files\":{\"type\":\"relation\",\"relation\":\"oneToMany\",\"target\":\"plugin::upload.file\",\"mappedBy\":\"folder\"},\"path\":{\"type\":\"string\",\"min\":1,\"required\":true},\"createdAt\":{\"type\":\"datetime\"},\"updatedAt\":{\"type\":\"datetime\"},\"createdBy\":{\"type\":\"relation\",\"relation\":\"oneToOne\",\"target\":\"admin::user\",\"configurable\":false,\"writable\":false,\"visible\":false,\"useJoinTable\":false,\"private\":true},\"updatedBy\":{\"type\":\"relation\",\"relation\":\"oneToOne\",\"target\":\"admin::user\",\"configurable\":false,\"writable\":false,\"visible\":false,\"useJoinTable\":false,\"private\":true}},\"indexes\":[{\"name\":\"upload_folders_path_id_index\",\"columns\":[\"path_id\"],\"type\":\"unique\"},{\"name\":\"upload_folders_path_index\",\"columns\":[\"path\"],\"type\":\"unique\"}],\"kind\":\"collectionType\",\"__schema__\":{\"collectionName\":\"upload_folders\",\"info\":{\"singularName\":\"folder\",\"pluralName\":\"folders\",\"displayName\":\"Folder\"},\"options\":{},\"pluginOptions\":{\"content-manager\":{\"visible\":false},\"content-type-builder\":{\"visible\":false}},\"attributes\":{\"name\":{\"type\":\"string\",\"min\":1,\"required\":true},\"pathId\":{\"type\":\"integer\",\"unique\":true,\"required\":true},\"parent\":{\"type\":\"relation\",\"relation\":\"manyToOne\",\"target\":\"plugin::upload.folder\",\"inversedBy\":\"children\"},\"children\":{\"type\":\"relation\",\"relation\":\"oneToMany\",\"target\":\"plugin::upload.folder\",\"mappedBy\":\"parent\"},\"files\":{\"type\":\"relation\",\"relation\":\"oneToMany\",\"target\":\"plugin::upload.file\",\"mappedBy\":\"folder\"},\"path\":{\"type\":\"string\",\"min\":1,\"required\":true}},\"kind\":\"collectionType\"},\"modelType\":\"contentType\",\"modelName\":\"folder\",\"connection\":\"default\",\"uid\":\"plugin::upload.folder\",\"plugin\":\"upload\",\"globalId\":\"UploadFolder\"},\"plugin::i18n.locale\":{\"info\":{\"singularName\":\"locale\",\"pluralName\":\"locales\",\"collectionName\":\"locales\",\"displayName\":\"Locale\",\"description\":\"\"},\"options\":{\"draftAndPublish\":false},\"pluginOptions\":{\"content-manager\":{\"visible\":false},\"content-type-builder\":{\"visible\":false}},\"attributes\":{\"name\":{\"type\":\"string\",\"min\":1,\"max\":50,\"configurable\":false},\"code\":{\"type\":\"string\",\"unique\":true,\"configurable\":false},\"createdAt\":{\"type\":\"datetime\"},\"updatedAt\":{\"type\":\"datetime\"},\"createdBy\":{\"type\":\"relation\",\"relation\":\"oneToOne\",\"target\":\"admin::user\",\"configurable\":false,\"writable\":false,\"visible\":false,\"useJoinTable\":false,\"private\":true},\"updatedBy\":{\"type\":\"relation\",\"relation\":\"oneToOne\",\"target\":\"admin::user\",\"configurable\":false,\"writable\":false,\"visible\":false,\"useJoinTable\":false,\"private\":true}},\"kind\":\"collectionType\",\"__schema__\":{\"info\":{\"singularName\":\"locale\",\"pluralName\":\"locales\",\"collectionName\":\"locales\",\"displayName\":\"Locale\",\"description\":\"\"},\"options\":{\"draftAndPublish\":false},\"pluginOptions\":{\"content-manager\":{\"visible\":false},\"content-type-builder\":{\"visible\":false}},\"attributes\":{\"name\":{\"type\":\"string\",\"min\":1,\"max\":50,\"configurable\":false},\"code\":{\"type\":\"string\",\"unique\":true,\"configurable\":false}},\"kind\":\"collectionType\"},\"modelType\":\"contentType\",\"modelName\":\"locale\",\"connection\":\"default\",\"uid\":\"plugin::i18n.locale\",\"plugin\":\"i18n\",\"collectionName\":\"i18n_locale\",\"globalId\":\"I18NLocale\"},\"plugin::users-permissions.permission\":{\"collectionName\":\"up_permissions\",\"info\":{\"name\":\"permission\",\"description\":\"\",\"singularName\":\"permission\",\"pluralName\":\"permissions\",\"displayName\":\"Permission\"},\"pluginOptions\":{\"content-manager\":{\"visible\":false},\"content-type-builder\":{\"visible\":false}},\"attributes\":{\"action\":{\"type\":\"string\",\"required\":true,\"configurable\":false},\"role\":{\"type\":\"relation\",\"relation\":\"manyToOne\",\"target\":\"plugin::users-permissions.role\",\"inversedBy\":\"permissions\",\"configurable\":false},\"createdAt\":{\"type\":\"datetime\"},\"updatedAt\":{\"type\":\"datetime\"},\"createdBy\":{\"type\":\"relation\",\"relation\":\"oneToOne\",\"target\":\"admin::user\",\"configurable\":false,\"writable\":false,\"visible\":false,\"useJoinTable\":false,\"private\":true},\"updatedBy\":{\"type\":\"relation\",\"relation\":\"oneToOne\",\"target\":\"admin::user\",\"configurable\":false,\"writable\":false,\"visible\":false,\"useJoinTable\":false,\"private\":true}},\"kind\":\"collectionType\",\"__schema__\":{\"collectionName\":\"up_permissions\",\"info\":{\"name\":\"permission\",\"description\":\"\",\"singularName\":\"permission\",\"pluralName\":\"permissions\",\"displayName\":\"Permission\"},\"pluginOptions\":{\"content-manager\":{\"visible\":false},\"content-type-builder\":{\"visible\":false}},\"attributes\":{\"action\":{\"type\":\"string\",\"required\":true,\"configurable\":false},\"role\":{\"type\":\"relation\",\"relation\":\"manyToOne\",\"target\":\"plugin::users-permissions.role\",\"inversedBy\":\"permissions\",\"configurable\":false}},\"kind\":\"collectionType\"},\"modelType\":\"contentType\",\"modelName\":\"permission\",\"connection\":\"default\",\"uid\":\"plugin::users-permissions.permission\",\"plugin\":\"users-permissions\",\"globalId\":\"UsersPermissionsPermission\"},\"plugin::users-permissions.role\":{\"collectionName\":\"up_roles\",\"info\":{\"name\":\"role\",\"description\":\"\",\"singularName\":\"role\",\"pluralName\":\"roles\",\"displayName\":\"Role\"},\"pluginOptions\":{\"content-manager\":{\"visible\":false},\"content-type-builder\":{\"visible\":false}},\"attributes\":{\"name\":{\"type\":\"string\",\"minLength\":3,\"required\":true,\"configurable\":false},\"description\":{\"type\":\"string\",\"configurable\":false},\"type\":{\"type\":\"string\",\"unique\":true,\"configurable\":false},\"permissions\":{\"type\":\"relation\",\"relation\":\"oneToMany\",\"target\":\"plugin::users-permissions.permission\",\"mappedBy\":\"role\",\"configurable\":false},\"users\":{\"type\":\"relation\",\"relation\":\"oneToMany\",\"target\":\"plugin::users-permissions.user\",\"mappedBy\":\"role\",\"configurable\":false},\"createdAt\":{\"type\":\"datetime\"},\"updatedAt\":{\"type\":\"datetime\"},\"createdBy\":{\"type\":\"relation\",\"relation\":\"oneToOne\",\"target\":\"admin::user\",\"configurable\":false,\"writable\":false,\"visible\":false,\"useJoinTable\":false,\"private\":true},\"updatedBy\":{\"type\":\"relation\",\"relation\":\"oneToOne\",\"target\":\"admin::user\",\"configurable\":false,\"writable\":false,\"visible\":false,\"useJoinTable\":false,\"private\":true}},\"kind\":\"collectionType\",\"__schema__\":{\"collectionName\":\"up_roles\",\"info\":{\"name\":\"role\",\"description\":\"\",\"singularName\":\"role\",\"pluralName\":\"roles\",\"displayName\":\"Role\"},\"pluginOptions\":{\"content-manager\":{\"visible\":false},\"content-type-builder\":{\"visible\":false}},\"attributes\":{\"name\":{\"type\":\"string\",\"minLength\":3,\"required\":true,\"configurable\":false},\"description\":{\"type\":\"string\",\"configurable\":false},\"type\":{\"type\":\"string\",\"unique\":true,\"configurable\":false},\"permissions\":{\"type\":\"relation\",\"relation\":\"oneToMany\",\"target\":\"plugin::users-permissions.permission\",\"mappedBy\":\"role\",\"configurable\":false},\"users\":{\"type\":\"relation\",\"relation\":\"oneToMany\",\"target\":\"plugin::users-permissions.user\",\"mappedBy\":\"role\",\"configurable\":false}},\"kind\":\"collectionType\"},\"modelType\":\"contentType\",\"modelName\":\"role\",\"connection\":\"default\",\"uid\":\"plugin::users-permissions.role\",\"plugin\":\"users-permissions\",\"globalId\":\"UsersPermissionsRole\"},\"plugin::users-permissions.user\":{\"collectionName\":\"up_users\",\"info\":{\"name\":\"user\",\"description\":\"\",\"singularName\":\"user\",\"pluralName\":\"users\",\"displayName\":\"User\"},\"options\":{\"draftAndPublish\":false,\"timestamps\":true},\"attributes\":{\"username\":{\"type\":\"string\",\"minLength\":3,\"unique\":true,\"configurable\":false,\"required\":true},\"email\":{\"type\":\"email\",\"minLength\":6,\"configurable\":false,\"required\":true},\"provider\":{\"type\":\"string\",\"configurable\":false},\"password\":{\"type\":\"password\",\"minLength\":6,\"configurable\":false,\"private\":true},\"resetPasswordToken\":{\"type\":\"string\",\"configurable\":false,\"private\":true},\"confirmationToken\":{\"type\":\"string\",\"configurable\":false,\"private\":true},\"confirmed\":{\"type\":\"boolean\",\"default\":false,\"configurable\":false},\"blocked\":{\"type\":\"boolean\",\"default\":false,\"configurable\":false},\"role\":{\"type\":\"relation\",\"relation\":\"manyToOne\",\"target\":\"plugin::users-permissions.role\",\"inversedBy\":\"users\",\"configurable\":false},\"createdAt\":{\"type\":\"datetime\"},\"updatedAt\":{\"type\":\"datetime\"},\"createdBy\":{\"type\":\"relation\",\"relation\":\"oneToOne\",\"target\":\"admin::user\",\"configurable\":false,\"writable\":false,\"visible\":false,\"useJoinTable\":false,\"private\":true},\"updatedBy\":{\"type\":\"relation\",\"relation\":\"oneToOne\",\"target\":\"admin::user\",\"configurable\":false,\"writable\":false,\"visible\":false,\"useJoinTable\":false,\"private\":true}},\"config\":{\"attributes\":{\"resetPasswordToken\":{\"hidden\":true},\"confirmationToken\":{\"hidden\":true},\"provider\":{\"hidden\":true}}},\"kind\":\"collectionType\",\"__schema__\":{\"collectionName\":\"up_users\",\"info\":{\"name\":\"user\",\"description\":\"\",\"singularName\":\"user\",\"pluralName\":\"users\",\"displayName\":\"User\"},\"options\":{\"draftAndPublish\":false,\"timestamps\":true},\"attributes\":{\"username\":{\"type\":\"string\",\"minLength\":3,\"unique\":true,\"configurable\":false,\"required\":true},\"email\":{\"type\":\"email\",\"minLength\":6,\"configurable\":false,\"required\":true},\"provider\":{\"type\":\"string\",\"configurable\":false},\"password\":{\"type\":\"password\",\"minLength\":6,\"configurable\":false,\"private\":true},\"resetPasswordToken\":{\"type\":\"string\",\"configurable\":false,\"private\":true},\"confirmationToken\":{\"type\":\"string\",\"configurable\":false,\"private\":true},\"confirmed\":{\"type\":\"boolean\",\"default\":false,\"configurable\":false},\"blocked\":{\"type\":\"boolean\",\"default\":false,\"configurable\":false},\"role\":{\"type\":\"relation\",\"relation\":\"manyToOne\",\"target\":\"plugin::users-permissions.role\",\"inversedBy\":\"users\",\"configurable\":false}},\"kind\":\"collectionType\"},\"modelType\":\"contentType\",\"modelName\":\"user\",\"connection\":\"default\",\"uid\":\"plugin::users-permissions.user\",\"plugin\":\"users-permissions\",\"globalId\":\"UsersPermissionsUser\"},\"api::agente-tag.agente-tag\":{\"kind\":\"collectionType\",\"collectionName\":\"agente_tags\",\"info\":{\"singularName\":\"agente-tag\",\"pluralName\":\"agente-tags\",\"displayName\":\"agente_tag\"},\"options\":{\"draftAndPublish\":false},\"pluginOptions\":{},\"attributes\":{\"title\":{\"type\":\"string\",\"required\":true},\"createdAt\":{\"type\":\"datetime\"},\"updatedAt\":{\"type\":\"datetime\"},\"createdBy\":{\"type\":\"relation\",\"relation\":\"oneToOne\",\"target\":\"admin::user\",\"configurable\":false,\"writable\":false,\"visible\":false,\"useJoinTable\":false,\"private\":true},\"updatedBy\":{\"type\":\"relation\",\"relation\":\"oneToOne\",\"target\":\"admin::user\",\"configurable\":false,\"writable\":false,\"visible\":false,\"useJoinTable\":false,\"private\":true}},\"__schema__\":{\"collectionName\":\"agente_tags\",\"info\":{\"singularName\":\"agente-tag\",\"pluralName\":\"agente-tags\",\"displayName\":\"agente_tag\"},\"options\":{\"draftAndPublish\":false},\"pluginOptions\":{},\"attributes\":{\"title\":{\"type\":\"string\",\"required\":true}},\"kind\":\"collectionType\"},\"modelType\":\"contentType\",\"modelName\":\"agente-tag\",\"connection\":\"default\",\"uid\":\"api::agente-tag.agente-tag\",\"apiName\":\"agente-tag\",\"globalId\":\"AgenteTag\",\"actions\":{},\"lifecycles\":{}},\"api::author.author\":{\"kind\":\"collectionType\",\"collectionName\":\"authors\",\"info\":{\"singularName\":\"author\",\"pluralName\":\"authors\",\"displayName\":\"author\",\"description\":\"\"},\"options\":{\"draftAndPublish\":false},\"pluginOptions\":{},\"attributes\":{\"title\":{\"type\":\"string\",\"required\":true},\"image\":{\"type\":\"media\",\"multiple\":false,\"required\":true,\"allowedTypes\":[\"images\",\"files\",\"videos\",\"audios\"]},\"text\":{\"type\":\"text\",\"required\":true},\"createdAt\":{\"type\":\"datetime\"},\"updatedAt\":{\"type\":\"datetime\"},\"createdBy\":{\"type\":\"relation\",\"relation\":\"oneToOne\",\"target\":\"admin::user\",\"configurable\":false,\"writable\":false,\"visible\":false,\"useJoinTable\":false,\"private\":true},\"updatedBy\":{\"type\":\"relation\",\"relation\":\"oneToOne\",\"target\":\"admin::user\",\"configurable\":false,\"writable\":false,\"visible\":false,\"useJoinTable\":false,\"private\":true}},\"__schema__\":{\"collectionName\":\"authors\",\"info\":{\"singularName\":\"author\",\"pluralName\":\"authors\",\"displayName\":\"author\",\"description\":\"\"},\"options\":{\"draftAndPublish\":false},\"pluginOptions\":{},\"attributes\":{\"title\":{\"type\":\"string\",\"required\":true},\"image\":{\"type\":\"media\",\"multiple\":false,\"required\":true,\"allowedTypes\":[\"images\",\"files\",\"videos\",\"audios\"]},\"text\":{\"type\":\"text\",\"required\":true}},\"kind\":\"collectionType\"},\"modelType\":\"contentType\",\"modelName\":\"author\",\"connection\":\"default\",\"uid\":\"api::author.author\",\"apiName\":\"author\",\"globalId\":\"Author\",\"actions\":{},\"lifecycles\":{}},\"api::blog.blog\":{\"kind\":\"singleType\",\"collectionName\":\"blogs\",\"info\":{\"singularName\":\"blog\",\"pluralName\":\"blogs\",\"displayName\":\"blog\",\"description\":\"\"},\"options\":{\"draftAndPublish\":false},\"pluginOptions\":{},\"attributes\":{\"title\":{\"type\":\"string\",\"required\":true},\"text\":{\"type\":\"string\",\"required\":true},\"page_intro\":{\"type\":\"component\",\"repeatable\":false,\"component\":\"global.page-intro\"},\"createdAt\":{\"type\":\"datetime\"},\"updatedAt\":{\"type\":\"datetime\"},\"createdBy\":{\"type\":\"relation\",\"relation\":\"oneToOne\",\"target\":\"admin::user\",\"configurable\":false,\"writable\":false,\"visible\":false,\"useJoinTable\":false,\"private\":true},\"updatedBy\":{\"type\":\"relation\",\"relation\":\"oneToOne\",\"target\":\"admin::user\",\"configurable\":false,\"writable\":false,\"visible\":false,\"useJoinTable\":false,\"private\":true}},\"__schema__\":{\"collectionName\":\"blogs\",\"info\":{\"singularName\":\"blog\",\"pluralName\":\"blogs\",\"displayName\":\"blog\",\"description\":\"\"},\"options\":{\"draftAndPublish\":false},\"pluginOptions\":{},\"attributes\":{\"title\":{\"type\":\"string\",\"required\":true},\"text\":{\"type\":\"string\",\"required\":true},\"page_intro\":{\"type\":\"component\",\"repeatable\":false,\"component\":\"global.page-intro\"}},\"kind\":\"singleType\"},\"modelType\":\"contentType\",\"modelName\":\"blog\",\"connection\":\"default\",\"uid\":\"api::blog.blog\",\"apiName\":\"blog\",\"globalId\":\"Blog\",\"actions\":{},\"lifecycles\":{}},\"api::chi-siamo.chi-siamo\":{\"kind\":\"singleType\",\"collectionName\":\"chi_siamos\",\"info\":{\"singularName\":\"chi-siamo\",\"pluralName\":\"chi-siamos\",\"displayName\":\"chi siamo\",\"description\":\"\"},\"options\":{\"draftAndPublish\":false},\"pluginOptions\":{},\"attributes\":{\"slug\":{\"type\":\"uid\"},\"page_intro\":{\"type\":\"component\",\"repeatable\":false,\"component\":\"global.page-intro\",\"required\":true},\"content\":{\"type\":\"richtext\",\"required\":true},\"title_1\":{\"type\":\"string\",\"required\":true},\"title_2\":{\"type\":\"string\",\"required\":true},\"team_1\":{\"type\":\"component\",\"repeatable\":true,\"component\":\"repeater.team\"},\"team_2\":{\"type\":\"component\",\"repeatable\":true,\"component\":\"repeater.team\"},\"createdAt\":{\"type\":\"datetime\"},\"updatedAt\":{\"type\":\"datetime\"},\"createdBy\":{\"type\":\"relation\",\"relation\":\"oneToOne\",\"target\":\"admin::user\",\"configurable\":false,\"writable\":false,\"visible\":false,\"useJoinTable\":false,\"private\":true},\"updatedBy\":{\"type\":\"relation\",\"relation\":\"oneToOne\",\"target\":\"admin::user\",\"configurable\":false,\"writable\":false,\"visible\":false,\"useJoinTable\":false,\"private\":true}},\"__schema__\":{\"collectionName\":\"chi_siamos\",\"info\":{\"singularName\":\"chi-siamo\",\"pluralName\":\"chi-siamos\",\"displayName\":\"chi siamo\",\"description\":\"\"},\"options\":{\"draftAndPublish\":false},\"pluginOptions\":{},\"attributes\":{\"slug\":{\"type\":\"uid\"},\"page_intro\":{\"type\":\"component\",\"repeatable\":false,\"component\":\"global.page-intro\",\"required\":true},\"content\":{\"type\":\"richtext\",\"required\":true},\"title_1\":{\"type\":\"string\",\"required\":true},\"title_2\":{\"type\":\"string\",\"required\":true},\"team_1\":{\"type\":\"component\",\"repeatable\":true,\"component\":\"repeater.team\"},\"team_2\":{\"type\":\"component\",\"repeatable\":true,\"component\":\"repeater.team\"}},\"kind\":\"singleType\"},\"modelType\":\"contentType\",\"modelName\":\"chi-siamo\",\"connection\":\"default\",\"uid\":\"api::chi-siamo.chi-siamo\",\"apiName\":\"chi-siamo\",\"globalId\":\"ChiSiamo\",\"actions\":{},\"lifecycles\":{}},\"api::contatti.contatti\":{\"kind\":\"singleType\",\"collectionName\":\"contattis\",\"info\":{\"singularName\":\"contatti\",\"pluralName\":\"contattis\",\"displayName\":\"Contatti\"},\"options\":{\"draftAndPublish\":false},\"pluginOptions\":{},\"attributes\":{\"page_intro\":{\"type\":\"component\",\"repeatable\":false,\"component\":\"global.page-intro\",\"required\":true},\"createdAt\":{\"type\":\"datetime\"},\"updatedAt\":{\"type\":\"datetime\"},\"createdBy\":{\"type\":\"relation\",\"relation\":\"oneToOne\",\"target\":\"admin::user\",\"configurable\":false,\"writable\":false,\"visible\":false,\"useJoinTable\":false,\"private\":true},\"updatedBy\":{\"type\":\"relation\",\"relation\":\"oneToOne\",\"target\":\"admin::user\",\"configurable\":false,\"writable\":false,\"visible\":false,\"useJoinTable\":false,\"private\":true}},\"__schema__\":{\"collectionName\":\"contattis\",\"info\":{\"singularName\":\"contatti\",\"pluralName\":\"contattis\",\"displayName\":\"Contatti\"},\"options\":{\"draftAndPublish\":false},\"pluginOptions\":{},\"attributes\":{\"page_intro\":{\"type\":\"component\",\"repeatable\":false,\"component\":\"global.page-intro\",\"required\":true}},\"kind\":\"singleType\"},\"modelType\":\"contentType\",\"modelName\":\"contatti\",\"connection\":\"default\",\"uid\":\"api::contatti.contatti\",\"apiName\":\"contatti\",\"globalId\":\"Contatti\",\"actions\":{},\"lifecycles\":{}},\"api::home.home\":{\"kind\":\"singleType\",\"collectionName\":\"homes\",\"info\":{\"singularName\":\"home\",\"pluralName\":\"homes\",\"displayName\":\"home\",\"description\":\"\"},\"options\":{\"draftAndPublish\":false},\"pluginOptions\":{},\"attributes\":{\"Title\":{\"type\":\"string\"},\"home_intro\":{\"type\":\"component\",\"repeatable\":false,\"component\":\"home.home-intro\"},\"slug\":{\"type\":\"string\"},\"features\":{\"type\":\"component\",\"repeatable\":true,\"component\":\"repeater.features\",\"required\":true},\"banner\":{\"type\":\"component\",\"repeatable\":false,\"component\":\"home.banner\",\"required\":true},\"about\":{\"type\":\"component\",\"repeatable\":false,\"component\":\"home.about\",\"required\":true},\"certificates\":{\"type\":\"component\",\"repeatable\":true,\"component\":\"repeater.certificate-items\"},\"latest_posts\":{\"type\":\"component\",\"repeatable\":false,\"component\":\"home.latest-posts\"},\"createdAt\":{\"type\":\"datetime\"},\"updatedAt\":{\"type\":\"datetime\"},\"createdBy\":{\"type\":\"relation\",\"relation\":\"oneToOne\",\"target\":\"admin::user\",\"configurable\":false,\"writable\":false,\"visible\":false,\"useJoinTable\":false,\"private\":true},\"updatedBy\":{\"type\":\"relation\",\"relation\":\"oneToOne\",\"target\":\"admin::user\",\"configurable\":false,\"writable\":false,\"visible\":false,\"useJoinTable\":false,\"private\":true}},\"__schema__\":{\"collectionName\":\"homes\",\"info\":{\"singularName\":\"home\",\"pluralName\":\"homes\",\"displayName\":\"home\",\"description\":\"\"},\"options\":{\"draftAndPublish\":false},\"pluginOptions\":{},\"attributes\":{\"Title\":{\"type\":\"string\"},\"home_intro\":{\"type\":\"component\",\"repeatable\":false,\"component\":\"home.home-intro\"},\"slug\":{\"type\":\"string\"},\"features\":{\"type\":\"component\",\"repeatable\":true,\"component\":\"repeater.features\",\"required\":true},\"banner\":{\"type\":\"component\",\"repeatable\":false,\"component\":\"home.banner\",\"required\":true},\"about\":{\"type\":\"component\",\"repeatable\":false,\"component\":\"home.about\",\"required\":true},\"certificates\":{\"type\":\"component\",\"repeatable\":true,\"component\":\"repeater.certificate-items\"},\"latest_posts\":{\"type\":\"component\",\"repeatable\":false,\"component\":\"home.latest-posts\"}},\"kind\":\"singleType\"},\"modelType\":\"contentType\",\"modelName\":\"home\",\"connection\":\"default\",\"uid\":\"api::home.home\",\"apiName\":\"home\",\"globalId\":\"Home\",\"actions\":{},\"lifecycles\":{}},\"api::option.option\":{\"kind\":\"singleType\",\"collectionName\":\"options\",\"info\":{\"singularName\":\"option\",\"pluralName\":\"options\",\"displayName\":\"option\",\"description\":\"\"},\"options\":{\"draftAndPublish\":false},\"pluginOptions\":{},\"attributes\":{\"email\":{\"type\":\"email\",\"required\":true},\"phone\":{\"type\":\"string\"},\"facebook_url\":{\"type\":\"string\"},\"facebook_image\":{\"type\":\"media\",\"multiple\":false,\"required\":false,\"allowedTypes\":[\"images\"]},\"instagram_url\":{\"type\":\"string\"},\"instagram_image\":{\"type\":\"media\",\"multiple\":false,\"required\":false,\"allowedTypes\":[\"images\",\"files\",\"videos\",\"audios\"]},\"linkedin_url\":{\"type\":\"string\"},\"linkedin_image\":{\"type\":\"media\",\"multiple\":false,\"required\":true,\"allowedTypes\":[\"images\",\"files\",\"videos\",\"audios\"]},\"youtube_url\":{\"type\":\"string\"},\"youtube_image\":{\"type\":\"media\",\"multiple\":false,\"required\":false,\"allowedTypes\":[\"images\",\"files\",\"videos\",\"audios\"]},\"whatsup_url\":{\"type\":\"string\"},\"whatsup_image\":{\"type\":\"media\",\"multiple\":false,\"required\":false,\"allowedTypes\":[\"images\",\"files\",\"videos\",\"audios\"]},\"logo\":{\"type\":\"media\",\"multiple\":false,\"required\":false,\"allowedTypes\":[\"images\",\"files\",\"videos\",\"audios\"]},\"image\":{\"type\":\"media\",\"multiple\":false,\"required\":true,\"allowedTypes\":[\"images\"]},\"Text\":{\"type\":\"richtext\",\"required\":true},\"short_company_name\":{\"type\":\"string\"},\"address\":{\"type\":\"string\"},\"hours\":{\"type\":\"richtext\"},\"whatsup_number\":{\"type\":\"string\"},\"full_company_name\":{\"type\":\"string\"},\"vat\":{\"type\":\"string\"},\"partner_text\":{\"type\":\"string\"},\"partner_url\":{\"type\":\"string\"},\"partner_image\":{\"allowedTypes\":[\"images\",\"files\",\"videos\",\"audios\"],\"type\":\"media\",\"multiple\":false},\"createdAt\":{\"type\":\"datetime\"},\"updatedAt\":{\"type\":\"datetime\"},\"createdBy\":{\"type\":\"relation\",\"relation\":\"oneToOne\",\"target\":\"admin::user\",\"configurable\":false,\"writable\":false,\"visible\":false,\"useJoinTable\":false,\"private\":true},\"updatedBy\":{\"type\":\"relation\",\"relation\":\"oneToOne\",\"target\":\"admin::user\",\"configurable\":false,\"writable\":false,\"visible\":false,\"useJoinTable\":false,\"private\":true}},\"__schema__\":{\"collectionName\":\"options\",\"info\":{\"singularName\":\"option\",\"pluralName\":\"options\",\"displayName\":\"option\",\"description\":\"\"},\"options\":{\"draftAndPublish\":false},\"pluginOptions\":{},\"attributes\":{\"email\":{\"type\":\"email\",\"required\":true},\"phone\":{\"type\":\"string\"},\"facebook_url\":{\"type\":\"string\"},\"facebook_image\":{\"type\":\"media\",\"multiple\":false,\"required\":false,\"allowedTypes\":[\"images\"]},\"instagram_url\":{\"type\":\"string\"},\"instagram_image\":{\"type\":\"media\",\"multiple\":false,\"required\":false,\"allowedTypes\":[\"images\",\"files\",\"videos\",\"audios\"]},\"linkedin_url\":{\"type\":\"string\"},\"linkedin_image\":{\"type\":\"media\",\"multiple\":false,\"required\":true,\"allowedTypes\":[\"images\",\"files\",\"videos\",\"audios\"]},\"youtube_url\":{\"type\":\"string\"},\"youtube_image\":{\"type\":\"media\",\"multiple\":false,\"required\":false,\"allowedTypes\":[\"images\",\"files\",\"videos\",\"audios\"]},\"whatsup_url\":{\"type\":\"string\"},\"whatsup_image\":{\"type\":\"media\",\"multiple\":false,\"required\":false,\"allowedTypes\":[\"images\",\"files\",\"videos\",\"audios\"]},\"logo\":{\"type\":\"media\",\"multiple\":false,\"required\":false,\"allowedTypes\":[\"images\",\"files\",\"videos\",\"audios\"]},\"image\":{\"type\":\"media\",\"multiple\":false,\"required\":true,\"allowedTypes\":[\"images\"]},\"Text\":{\"type\":\"richtext\",\"required\":true},\"short_company_name\":{\"type\":\"string\"},\"address\":{\"type\":\"string\"},\"hours\":{\"type\":\"richtext\"},\"whatsup_number\":{\"type\":\"string\"},\"full_company_name\":{\"type\":\"string\"},\"vat\":{\"type\":\"string\"},\"partner_text\":{\"type\":\"string\"},\"partner_url\":{\"type\":\"string\"},\"partner_image\":{\"allowedTypes\":[\"images\",\"files\",\"videos\",\"audios\"],\"type\":\"media\",\"multiple\":false}},\"kind\":\"singleType\"},\"modelType\":\"contentType\",\"modelName\":\"option\",\"connection\":\"default\",\"uid\":\"api::option.option\",\"apiName\":\"option\",\"globalId\":\"Option\",\"actions\":{},\"lifecycles\":{}},\"api::post.post\":{\"kind\":\"collectionType\",\"collectionName\":\"posts\",\"info\":{\"singularName\":\"post\",\"pluralName\":\"posts\",\"displayName\":\"post\",\"description\":\"\"},\"options\":{\"draftAndPublish\":false},\"pluginOptions\":{},\"attributes\":{\"title\":{\"type\":\"string\",\"required\":true},\"image\":{\"type\":\"media\",\"multiple\":false,\"required\":true,\"allowedTypes\":[\"images\",\"files\",\"videos\",\"audios\"]},\"text\":{\"type\":\"richtext\",\"required\":true},\"post_tags\":{\"type\":\"relation\",\"relation\":\"manyToMany\",\"target\":\"api::post-tag.post-tag\",\"mappedBy\":\"posts\"},\"slug\":{\"type\":\"uid\",\"targetField\":\"title\"},\"author\":{\"type\":\"relation\",\"relation\":\"oneToOne\",\"target\":\"api::author.author\"},\"createdAt\":{\"type\":\"datetime\"},\"updatedAt\":{\"type\":\"datetime\"},\"createdBy\":{\"type\":\"relation\",\"relation\":\"oneToOne\",\"target\":\"admin::user\",\"configurable\":false,\"writable\":false,\"visible\":false,\"useJoinTable\":false,\"private\":true},\"updatedBy\":{\"type\":\"relation\",\"relation\":\"oneToOne\",\"target\":\"admin::user\",\"configurable\":false,\"writable\":false,\"visible\":false,\"useJoinTable\":false,\"private\":true}},\"__schema__\":{\"collectionName\":\"posts\",\"info\":{\"singularName\":\"post\",\"pluralName\":\"posts\",\"displayName\":\"post\",\"description\":\"\"},\"options\":{\"draftAndPublish\":false},\"pluginOptions\":{},\"attributes\":{\"title\":{\"type\":\"string\",\"required\":true},\"image\":{\"type\":\"media\",\"multiple\":false,\"required\":true,\"allowedTypes\":[\"images\",\"files\",\"videos\",\"audios\"]},\"text\":{\"type\":\"richtext\",\"required\":true},\"post_tags\":{\"type\":\"relation\",\"relation\":\"manyToMany\",\"target\":\"api::post-tag.post-tag\",\"mappedBy\":\"posts\"},\"slug\":{\"type\":\"uid\",\"targetField\":\"title\"},\"author\":{\"type\":\"relation\",\"relation\":\"oneToOne\",\"target\":\"api::author.author\"}},\"kind\":\"collectionType\"},\"modelType\":\"contentType\",\"modelName\":\"post\",\"connection\":\"default\",\"uid\":\"api::post.post\",\"apiName\":\"post\",\"globalId\":\"Post\",\"actions\":{},\"lifecycles\":{}},\"api::post-tag.post-tag\":{\"kind\":\"collectionType\",\"collectionName\":\"post_tags\",\"info\":{\"singularName\":\"post-tag\",\"pluralName\":\"post-tags\",\"displayName\":\"post_tag\",\"description\":\"\"},\"options\":{\"draftAndPublish\":false},\"pluginOptions\":{},\"attributes\":{\"title\":{\"type\":\"string\",\"required\":true},\"posts\":{\"type\":\"relation\",\"relation\":\"manyToMany\",\"target\":\"api::post.post\",\"inversedBy\":\"post_tags\"},\"slug\":{\"type\":\"uid\",\"targetField\":\"title\"},\"createdAt\":{\"type\":\"datetime\"},\"updatedAt\":{\"type\":\"datetime\"},\"createdBy\":{\"type\":\"relation\",\"relation\":\"oneToOne\",\"target\":\"admin::user\",\"configurable\":false,\"writable\":false,\"visible\":false,\"useJoinTable\":false,\"private\":true},\"updatedBy\":{\"type\":\"relation\",\"relation\":\"oneToOne\",\"target\":\"admin::user\",\"configurable\":false,\"writable\":false,\"visible\":false,\"useJoinTable\":false,\"private\":true}},\"__schema__\":{\"collectionName\":\"post_tags\",\"info\":{\"singularName\":\"post-tag\",\"pluralName\":\"post-tags\",\"displayName\":\"post_tag\",\"description\":\"\"},\"options\":{\"draftAndPublish\":false},\"pluginOptions\":{},\"attributes\":{\"title\":{\"type\":\"string\",\"required\":true},\"posts\":{\"type\":\"relation\",\"relation\":\"manyToMany\",\"target\":\"api::post.post\",\"inversedBy\":\"post_tags\"},\"slug\":{\"type\":\"uid\",\"targetField\":\"title\"}},\"kind\":\"collectionType\"},\"modelType\":\"contentType\",\"modelName\":\"post-tag\",\"connection\":\"default\",\"uid\":\"api::post-tag.post-tag\",\"apiName\":\"post-tag\",\"globalId\":\"PostTag\",\"actions\":{},\"lifecycles\":{}},\"api::servizi.servizi\":{\"kind\":\"singleType\",\"collectionName\":\"servizis\",\"info\":{\"singularName\":\"servizi\",\"pluralName\":\"servizis\",\"displayName\":\"servizi\",\"description\":\"\"},\"options\":{\"draftAndPublish\":false},\"pluginOptions\":{},\"attributes\":{\"page_intro\":{\"type\":\"component\",\"repeatable\":false,\"component\":\"global.page-intro\"},\"servizi_items\":{\"type\":\"component\",\"repeatable\":true,\"component\":\"repeater.servizi-items\"},\"Title\":{\"type\":\"string\",\"required\":true},\"text\":{\"type\":\"richtext\",\"required\":true},\"image\":{\"allowedTypes\":[\"images\",\"files\",\"videos\",\"audios\"],\"type\":\"media\",\"multiple\":false,\"required\":true},\"createdAt\":{\"type\":\"datetime\"},\"updatedAt\":{\"type\":\"datetime\"},\"createdBy\":{\"type\":\"relation\",\"relation\":\"oneToOne\",\"target\":\"admin::user\",\"configurable\":false,\"writable\":false,\"visible\":false,\"useJoinTable\":false,\"private\":true},\"updatedBy\":{\"type\":\"relation\",\"relation\":\"oneToOne\",\"target\":\"admin::user\",\"configurable\":false,\"writable\":false,\"visible\":false,\"useJoinTable\":false,\"private\":true}},\"__schema__\":{\"collectionName\":\"servizis\",\"info\":{\"singularName\":\"servizi\",\"pluralName\":\"servizis\",\"displayName\":\"servizi\",\"description\":\"\"},\"options\":{\"draftAndPublish\":false},\"pluginOptions\":{},\"attributes\":{\"page_intro\":{\"type\":\"component\",\"repeatable\":false,\"component\":\"global.page-intro\"},\"servizi_items\":{\"type\":\"component\",\"repeatable\":true,\"component\":\"repeater.servizi-items\"},\"Title\":{\"type\":\"string\",\"required\":true},\"text\":{\"type\":\"richtext\",\"required\":true},\"image\":{\"allowedTypes\":[\"images\",\"files\",\"videos\",\"audios\"],\"type\":\"media\",\"multiple\":false,\"required\":true}},\"kind\":\"singleType\"},\"modelType\":\"contentType\",\"modelName\":\"servizi\",\"connection\":\"default\",\"uid\":\"api::servizi.servizi\",\"apiName\":\"servizi\",\"globalId\":\"Servizi\",\"actions\":{},\"lifecycles\":{}}}','object',NULL,NULL),(2,'plugin_content_manager_configuration_content_types::admin::permission','{\"uid\":\"admin::permission\",\"settings\":{\"bulkable\":true,\"filterable\":true,\"searchable\":true,\"pageSize\":10,\"mainField\":\"action\",\"defaultSortBy\":\"action\",\"defaultSortOrder\":\"ASC\"},\"metadatas\":{\"id\":{\"edit\":{},\"list\":{\"label\":\"id\",\"searchable\":true,\"sortable\":true}},\"action\":{\"edit\":{\"label\":\"action\",\"description\":\"\",\"placeholder\":\"\",\"visible\":true,\"editable\":true},\"list\":{\"label\":\"action\",\"searchable\":true,\"sortable\":true}},\"subject\":{\"edit\":{\"label\":\"subject\",\"description\":\"\",\"placeholder\":\"\",\"visible\":true,\"editable\":true},\"list\":{\"label\":\"subject\",\"searchable\":true,\"sortable\":true}},\"properties\":{\"edit\":{\"label\":\"properties\",\"description\":\"\",\"placeholder\":\"\",\"visible\":true,\"editable\":true},\"list\":{\"label\":\"properties\",\"searchable\":false,\"sortable\":false}},\"conditions\":{\"edit\":{\"label\":\"conditions\",\"description\":\"\",\"placeholder\":\"\",\"visible\":true,\"editable\":true},\"list\":{\"label\":\"conditions\",\"searchable\":false,\"sortable\":false}},\"role\":{\"edit\":{\"label\":\"role\",\"description\":\"\",\"placeholder\":\"\",\"visible\":true,\"editable\":true,\"mainField\":\"name\"},\"list\":{\"label\":\"role\",\"searchable\":true,\"sortable\":true}},\"createdAt\":{\"edit\":{\"label\":\"createdAt\",\"description\":\"\",\"placeholder\":\"\",\"visible\":false,\"editable\":true},\"list\":{\"label\":\"createdAt\",\"searchable\":true,\"sortable\":true}},\"updatedAt\":{\"edit\":{\"label\":\"updatedAt\",\"description\":\"\",\"placeholder\":\"\",\"visible\":false,\"editable\":true},\"list\":{\"label\":\"updatedAt\",\"searchable\":true,\"sortable\":true}}},\"layouts\":{\"list\":[\"id\",\"action\",\"subject\",\"role\"],\"editRelations\":[\"role\"],\"edit\":[[{\"name\":\"action\",\"size\":6},{\"name\":\"subject\",\"size\":6}],[{\"name\":\"properties\",\"size\":12}],[{\"name\":\"conditions\",\"size\":12}]]}}','object',NULL,NULL),(3,'plugin_content_manager_configuration_content_types::admin::user','{\"uid\":\"admin::user\",\"settings\":{\"bulkable\":true,\"filterable\":true,\"searchable\":true,\"pageSize\":10,\"mainField\":\"firstname\",\"defaultSortBy\":\"firstname\",\"defaultSortOrder\":\"ASC\"},\"metadatas\":{\"id\":{\"edit\":{},\"list\":{\"label\":\"id\",\"searchable\":true,\"sortable\":true}},\"firstname\":{\"edit\":{\"label\":\"firstname\",\"description\":\"\",\"placeholder\":\"\",\"visible\":true,\"editable\":true},\"list\":{\"label\":\"firstname\",\"searchable\":true,\"sortable\":true}},\"lastname\":{\"edit\":{\"label\":\"lastname\",\"description\":\"\",\"placeholder\":\"\",\"visible\":true,\"editable\":true},\"list\":{\"label\":\"lastname\",\"searchable\":true,\"sortable\":true}},\"username\":{\"edit\":{\"label\":\"username\",\"description\":\"\",\"placeholder\":\"\",\"visible\":true,\"editable\":true},\"list\":{\"label\":\"username\",\"searchable\":true,\"sortable\":true}},\"email\":{\"edit\":{\"label\":\"email\",\"description\":\"\",\"placeholder\":\"\",\"visible\":true,\"editable\":true},\"list\":{\"label\":\"email\",\"searchable\":true,\"sortable\":true}},\"password\":{\"edit\":{\"label\":\"password\",\"description\":\"\",\"placeholder\":\"\",\"visible\":true,\"editable\":true},\"list\":{\"label\":\"password\",\"searchable\":true,\"sortable\":true}},\"resetPasswordToken\":{\"edit\":{\"label\":\"resetPasswordToken\",\"description\":\"\",\"placeholder\":\"\",\"visible\":true,\"editable\":true},\"list\":{\"label\":\"resetPasswordToken\",\"searchable\":true,\"sortable\":true}},\"registrationToken\":{\"edit\":{\"label\":\"registrationToken\",\"description\":\"\",\"placeholder\":\"\",\"visible\":true,\"editable\":true},\"list\":{\"label\":\"registrationToken\",\"searchable\":true,\"sortable\":true}},\"isActive\":{\"edit\":{\"label\":\"isActive\",\"description\":\"\",\"placeholder\":\"\",\"visible\":true,\"editable\":true},\"list\":{\"label\":\"isActive\",\"searchable\":true,\"sortable\":true}},\"roles\":{\"edit\":{\"label\":\"roles\",\"description\":\"\",\"placeholder\":\"\",\"visible\":true,\"editable\":true,\"mainField\":\"name\"},\"list\":{\"label\":\"roles\",\"searchable\":false,\"sortable\":false}},\"blocked\":{\"edit\":{\"label\":\"blocked\",\"description\":\"\",\"placeholder\":\"\",\"visible\":true,\"editable\":true},\"list\":{\"label\":\"blocked\",\"searchable\":true,\"sortable\":true}},\"preferedLanguage\":{\"edit\":{\"label\":\"preferedLanguage\",\"description\":\"\",\"placeholder\":\"\",\"visible\":true,\"editable\":true},\"list\":{\"label\":\"preferedLanguage\",\"searchable\":true,\"sortable\":true}},\"createdAt\":{\"edit\":{\"label\":\"createdAt\",\"description\":\"\",\"placeholder\":\"\",\"visible\":false,\"editable\":true},\"list\":{\"label\":\"createdAt\",\"searchable\":true,\"sortable\":true}},\"updatedAt\":{\"edit\":{\"label\":\"updatedAt\",\"description\":\"\",\"placeholder\":\"\",\"visible\":false,\"editable\":true},\"list\":{\"label\":\"updatedAt\",\"searchable\":true,\"sortable\":true}}},\"layouts\":{\"list\":[\"id\",\"firstname\",\"lastname\",\"username\"],\"editRelations\":[\"roles\"],\"edit\":[[{\"name\":\"firstname\",\"size\":6},{\"name\":\"lastname\",\"size\":6}],[{\"name\":\"username\",\"size\":6},{\"name\":\"email\",\"size\":6}],[{\"name\":\"password\",\"size\":6},{\"name\":\"resetPasswordToken\",\"size\":6}],[{\"name\":\"registrationToken\",\"size\":6},{\"name\":\"isActive\",\"size\":4}],[{\"name\":\"blocked\",\"size\":4},{\"name\":\"preferedLanguage\",\"size\":6}]]}}','object',NULL,NULL),(4,'plugin_content_manager_configuration_content_types::admin::role','{\"uid\":\"admin::role\",\"settings\":{\"bulkable\":true,\"filterable\":true,\"searchable\":true,\"pageSize\":10,\"mainField\":\"name\",\"defaultSortBy\":\"name\",\"defaultSortOrder\":\"ASC\"},\"metadatas\":{\"id\":{\"edit\":{},\"list\":{\"label\":\"id\",\"searchable\":true,\"sortable\":true}},\"name\":{\"edit\":{\"label\":\"name\",\"description\":\"\",\"placeholder\":\"\",\"visible\":true,\"editable\":true},\"list\":{\"label\":\"name\",\"searchable\":true,\"sortable\":true}},\"code\":{\"edit\":{\"label\":\"code\",\"description\":\"\",\"placeholder\":\"\",\"visible\":true,\"editable\":true},\"list\":{\"label\":\"code\",\"searchable\":true,\"sortable\":true}},\"description\":{\"edit\":{\"label\":\"description\",\"description\":\"\",\"placeholder\":\"\",\"visible\":true,\"editable\":true},\"list\":{\"label\":\"description\",\"searchable\":true,\"sortable\":true}},\"users\":{\"edit\":{\"label\":\"users\",\"description\":\"\",\"placeholder\":\"\",\"visible\":true,\"editable\":true,\"mainField\":\"firstname\"},\"list\":{\"label\":\"users\",\"searchable\":false,\"sortable\":false}},\"permissions\":{\"edit\":{\"label\":\"permissions\",\"description\":\"\",\"placeholder\":\"\",\"visible\":true,\"editable\":true,\"mainField\":\"action\"},\"list\":{\"label\":\"permissions\",\"searchable\":false,\"sortable\":false}},\"createdAt\":{\"edit\":{\"label\":\"createdAt\",\"description\":\"\",\"placeholder\":\"\",\"visible\":false,\"editable\":true},\"list\":{\"label\":\"createdAt\",\"searchable\":true,\"sortable\":true}},\"updatedAt\":{\"edit\":{\"label\":\"updatedAt\",\"description\":\"\",\"placeholder\":\"\",\"visible\":false,\"editable\":true},\"list\":{\"label\":\"updatedAt\",\"searchable\":true,\"sortable\":true}}},\"layouts\":{\"list\":[\"id\",\"name\",\"code\",\"description\"],\"editRelations\":[\"users\",\"permissions\"],\"edit\":[[{\"name\":\"name\",\"size\":6},{\"name\":\"code\",\"size\":6}],[{\"name\":\"description\",\"size\":6}]]}}','object',NULL,NULL),(5,'plugin_content_manager_configuration_content_types::plugin::upload.folder','{\"uid\":\"plugin::upload.folder\",\"settings\":{\"bulkable\":true,\"filterable\":true,\"searchable\":true,\"pageSize\":10,\"mainField\":\"name\",\"defaultSortBy\":\"name\",\"defaultSortOrder\":\"ASC\"},\"metadatas\":{\"id\":{\"edit\":{},\"list\":{\"label\":\"id\",\"searchable\":true,\"sortable\":true}},\"name\":{\"edit\":{\"label\":\"name\",\"description\":\"\",\"placeholder\":\"\",\"visible\":true,\"editable\":true},\"list\":{\"label\":\"name\",\"searchable\":true,\"sortable\":true}},\"pathId\":{\"edit\":{\"label\":\"pathId\",\"description\":\"\",\"placeholder\":\"\",\"visible\":true,\"editable\":true},\"list\":{\"label\":\"pathId\",\"searchable\":true,\"sortable\":true}},\"parent\":{\"edit\":{\"label\":\"parent\",\"description\":\"\",\"placeholder\":\"\",\"visible\":true,\"editable\":true,\"mainField\":\"name\"},\"list\":{\"label\":\"parent\",\"searchable\":true,\"sortable\":true}},\"children\":{\"edit\":{\"label\":\"children\",\"description\":\"\",\"placeholder\":\"\",\"visible\":true,\"editable\":true,\"mainField\":\"name\"},\"list\":{\"label\":\"children\",\"searchable\":false,\"sortable\":false}},\"files\":{\"edit\":{\"label\":\"files\",\"description\":\"\",\"placeholder\":\"\",\"visible\":true,\"editable\":true,\"mainField\":\"name\"},\"list\":{\"label\":\"files\",\"searchable\":false,\"sortable\":false}},\"path\":{\"edit\":{\"label\":\"path\",\"description\":\"\",\"placeholder\":\"\",\"visible\":true,\"editable\":true},\"list\":{\"label\":\"path\",\"searchable\":true,\"sortable\":true}},\"createdAt\":{\"edit\":{\"label\":\"createdAt\",\"description\":\"\",\"placeholder\":\"\",\"visible\":false,\"editable\":true},\"list\":{\"label\":\"createdAt\",\"searchable\":true,\"sortable\":true}},\"updatedAt\":{\"edit\":{\"label\":\"updatedAt\",\"description\":\"\",\"placeholder\":\"\",\"visible\":false,\"editable\":true},\"list\":{\"label\":\"updatedAt\",\"searchable\":true,\"sortable\":true}}},\"layouts\":{\"list\":[\"id\",\"name\",\"pathId\",\"parent\"],\"editRelations\":[\"parent\",\"children\",\"files\"],\"edit\":[[{\"name\":\"name\",\"size\":6},{\"name\":\"pathId\",\"size\":4}],[{\"name\":\"path\",\"size\":6}]]}}','object',NULL,NULL),(6,'plugin_content_manager_configuration_content_types::plugin::users-permissions.permission','{\"uid\":\"plugin::users-permissions.permission\",\"settings\":{\"bulkable\":true,\"filterable\":true,\"searchable\":true,\"pageSize\":10,\"mainField\":\"action\",\"defaultSortBy\":\"action\",\"defaultSortOrder\":\"ASC\"},\"metadatas\":{\"id\":{\"edit\":{},\"list\":{\"label\":\"id\",\"searchable\":true,\"sortable\":true}},\"action\":{\"edit\":{\"label\":\"action\",\"description\":\"\",\"placeholder\":\"\",\"visible\":true,\"editable\":true},\"list\":{\"label\":\"action\",\"searchable\":true,\"sortable\":true}},\"role\":{\"edit\":{\"label\":\"role\",\"description\":\"\",\"placeholder\":\"\",\"visible\":true,\"editable\":true,\"mainField\":\"name\"},\"list\":{\"label\":\"role\",\"searchable\":true,\"sortable\":true}},\"createdAt\":{\"edit\":{\"label\":\"createdAt\",\"description\":\"\",\"placeholder\":\"\",\"visible\":false,\"editable\":true},\"list\":{\"label\":\"createdAt\",\"searchable\":true,\"sortable\":true}},\"updatedAt\":{\"edit\":{\"label\":\"updatedAt\",\"description\":\"\",\"placeholder\":\"\",\"visible\":false,\"editable\":true},\"list\":{\"label\":\"updatedAt\",\"searchable\":true,\"sortable\":true}}},\"layouts\":{\"list\":[\"id\",\"action\",\"role\",\"createdAt\"],\"editRelations\":[\"role\"],\"edit\":[[{\"name\":\"action\",\"size\":6}]]}}','object',NULL,NULL),(7,'plugin_content_manager_configuration_content_types::plugin::users-permissions.role','{\"uid\":\"plugin::users-permissions.role\",\"settings\":{\"bulkable\":true,\"filterable\":true,\"searchable\":true,\"pageSize\":10,\"mainField\":\"name\",\"defaultSortBy\":\"name\",\"defaultSortOrder\":\"ASC\"},\"metadatas\":{\"id\":{\"edit\":{},\"list\":{\"label\":\"id\",\"searchable\":true,\"sortable\":true}},\"name\":{\"edit\":{\"label\":\"name\",\"description\":\"\",\"placeholder\":\"\",\"visible\":true,\"editable\":true},\"list\":{\"label\":\"name\",\"searchable\":true,\"sortable\":true}},\"description\":{\"edit\":{\"label\":\"description\",\"description\":\"\",\"placeholder\":\"\",\"visible\":true,\"editable\":true},\"list\":{\"label\":\"description\",\"searchable\":true,\"sortable\":true}},\"type\":{\"edit\":{\"label\":\"type\",\"description\":\"\",\"placeholder\":\"\",\"visible\":true,\"editable\":true},\"list\":{\"label\":\"type\",\"searchable\":true,\"sortable\":true}},\"permissions\":{\"edit\":{\"label\":\"permissions\",\"description\":\"\",\"placeholder\":\"\",\"visible\":true,\"editable\":true,\"mainField\":\"action\"},\"list\":{\"label\":\"permissions\",\"searchable\":false,\"sortable\":false}},\"users\":{\"edit\":{\"label\":\"users\",\"description\":\"\",\"placeholder\":\"\",\"visible\":true,\"editable\":true,\"mainField\":\"username\"},\"list\":{\"label\":\"users\",\"searchable\":false,\"sortable\":false}},\"createdAt\":{\"edit\":{\"label\":\"createdAt\",\"description\":\"\",\"placeholder\":\"\",\"visible\":false,\"editable\":true},\"list\":{\"label\":\"createdAt\",\"searchable\":true,\"sortable\":true}},\"updatedAt\":{\"edit\":{\"label\":\"updatedAt\",\"description\":\"\",\"placeholder\":\"\",\"visible\":false,\"editable\":true},\"list\":{\"label\":\"updatedAt\",\"searchable\":true,\"sortable\":true}}},\"layouts\":{\"list\":[\"id\",\"name\",\"description\",\"type\"],\"editRelations\":[\"permissions\",\"users\"],\"edit\":[[{\"name\":\"name\",\"size\":6},{\"name\":\"description\",\"size\":6}],[{\"name\":\"type\",\"size\":6}]]}}','object',NULL,NULL),(8,'plugin_content_manager_configuration_content_types::plugin::users-permissions.user','{\"uid\":\"plugin::users-permissions.user\",\"settings\":{\"bulkable\":true,\"filterable\":true,\"searchable\":true,\"pageSize\":10,\"mainField\":\"username\",\"defaultSortBy\":\"username\",\"defaultSortOrder\":\"ASC\"},\"metadatas\":{\"id\":{\"edit\":{},\"list\":{\"label\":\"id\",\"searchable\":true,\"sortable\":true}},\"username\":{\"edit\":{\"label\":\"username\",\"description\":\"\",\"placeholder\":\"\",\"visible\":true,\"editable\":true},\"list\":{\"label\":\"username\",\"searchable\":true,\"sortable\":true}},\"email\":{\"edit\":{\"label\":\"email\",\"description\":\"\",\"placeholder\":\"\",\"visible\":true,\"editable\":true},\"list\":{\"label\":\"email\",\"searchable\":true,\"sortable\":true}},\"provider\":{\"edit\":{\"label\":\"provider\",\"description\":\"\",\"placeholder\":\"\",\"visible\":false,\"editable\":true},\"list\":{\"label\":\"provider\",\"searchable\":true,\"sortable\":true}},\"password\":{\"edit\":{\"label\":\"password\",\"description\":\"\",\"placeholder\":\"\",\"visible\":true,\"editable\":true},\"list\":{\"label\":\"password\",\"searchable\":true,\"sortable\":true}},\"resetPasswordToken\":{\"edit\":{\"label\":\"resetPasswordToken\",\"description\":\"\",\"placeholder\":\"\",\"visible\":false,\"editable\":true},\"list\":{\"label\":\"resetPasswordToken\",\"searchable\":true,\"sortable\":true}},\"confirmationToken\":{\"edit\":{\"label\":\"confirmationToken\",\"description\":\"\",\"placeholder\":\"\",\"visible\":false,\"editable\":true},\"list\":{\"label\":\"confirmationToken\",\"searchable\":true,\"sortable\":true}},\"confirmed\":{\"edit\":{\"label\":\"confirmed\",\"description\":\"\",\"placeholder\":\"\",\"visible\":true,\"editable\":true},\"list\":{\"label\":\"confirmed\",\"searchable\":true,\"sortable\":true}},\"blocked\":{\"edit\":{\"label\":\"blocked\",\"description\":\"\",\"placeholder\":\"\",\"visible\":true,\"editable\":true},\"list\":{\"label\":\"blocked\",\"searchable\":true,\"sortable\":true}},\"role\":{\"edit\":{\"label\":\"role\",\"description\":\"\",\"placeholder\":\"\",\"visible\":true,\"editable\":true,\"mainField\":\"name\"},\"list\":{\"label\":\"role\",\"searchable\":true,\"sortable\":true}},\"createdAt\":{\"edit\":{\"label\":\"createdAt\",\"description\":\"\",\"placeholder\":\"\",\"visible\":false,\"editable\":true},\"list\":{\"label\":\"createdAt\",\"searchable\":true,\"sortable\":true}},\"updatedAt\":{\"edit\":{\"label\":\"updatedAt\",\"description\":\"\",\"placeholder\":\"\",\"visible\":false,\"editable\":true},\"list\":{\"label\":\"updatedAt\",\"searchable\":true,\"sortable\":true}}},\"layouts\":{\"list\":[\"id\",\"username\",\"email\",\"confirmed\"],\"editRelations\":[\"role\"],\"edit\":[[{\"name\":\"username\",\"size\":6},{\"name\":\"email\",\"size\":6}],[{\"name\":\"password\",\"size\":6},{\"name\":\"confirmed\",\"size\":4}],[{\"name\":\"blocked\",\"size\":4}]]}}','object',NULL,NULL),(9,'plugin_content_manager_configuration_content_types::plugin::i18n.locale','{\"uid\":\"plugin::i18n.locale\",\"settings\":{\"bulkable\":true,\"filterable\":true,\"searchable\":true,\"pageSize\":10,\"mainField\":\"name\",\"defaultSortBy\":\"name\",\"defaultSortOrder\":\"ASC\"},\"metadatas\":{\"id\":{\"edit\":{},\"list\":{\"label\":\"id\",\"searchable\":true,\"sortable\":true}},\"name\":{\"edit\":{\"label\":\"name\",\"description\":\"\",\"placeholder\":\"\",\"visible\":true,\"editable\":true},\"list\":{\"label\":\"name\",\"searchable\":true,\"sortable\":true}},\"code\":{\"edit\":{\"label\":\"code\",\"description\":\"\",\"placeholder\":\"\",\"visible\":true,\"editable\":true},\"list\":{\"label\":\"code\",\"searchable\":true,\"sortable\":true}},\"createdAt\":{\"edit\":{\"label\":\"createdAt\",\"description\":\"\",\"placeholder\":\"\",\"visible\":false,\"editable\":true},\"list\":{\"label\":\"createdAt\",\"searchable\":true,\"sortable\":true}},\"updatedAt\":{\"edit\":{\"label\":\"updatedAt\",\"description\":\"\",\"placeholder\":\"\",\"visible\":false,\"editable\":true},\"list\":{\"label\":\"updatedAt\",\"searchable\":true,\"sortable\":true}}},\"layouts\":{\"list\":[\"id\",\"name\",\"code\",\"createdAt\"],\"editRelations\":[],\"edit\":[[{\"name\":\"name\",\"size\":6},{\"name\":\"code\",\"size\":6}]]}}','object',NULL,NULL),(10,'plugin_content_manager_configuration_content_types::plugin::upload.file','{\"uid\":\"plugin::upload.file\",\"settings\":{\"bulkable\":true,\"filterable\":true,\"searchable\":true,\"pageSize\":10,\"mainField\":\"name\",\"defaultSortBy\":\"name\",\"defaultSortOrder\":\"ASC\"},\"metadatas\":{\"id\":{\"edit\":{},\"list\":{\"label\":\"id\",\"searchable\":true,\"sortable\":true}},\"name\":{\"edit\":{\"label\":\"name\",\"description\":\"\",\"placeholder\":\"\",\"visible\":true,\"editable\":true},\"list\":{\"label\":\"name\",\"searchable\":true,\"sortable\":true}},\"alternativeText\":{\"edit\":{\"label\":\"alternativeText\",\"description\":\"\",\"placeholder\":\"\",\"visible\":true,\"editable\":true},\"list\":{\"label\":\"alternativeText\",\"searchable\":true,\"sortable\":true}},\"caption\":{\"edit\":{\"label\":\"caption\",\"description\":\"\",\"placeholder\":\"\",\"visible\":true,\"editable\":true},\"list\":{\"label\":\"caption\",\"searchable\":true,\"sortable\":true}},\"width\":{\"edit\":{\"label\":\"width\",\"description\":\"\",\"placeholder\":\"\",\"visible\":true,\"editable\":true},\"list\":{\"label\":\"width\",\"searchable\":true,\"sortable\":true}},\"height\":{\"edit\":{\"label\":\"height\",\"description\":\"\",\"placeholder\":\"\",\"visible\":true,\"editable\":true},\"list\":{\"label\":\"height\",\"searchable\":true,\"sortable\":true}},\"formats\":{\"edit\":{\"label\":\"formats\",\"description\":\"\",\"placeholder\":\"\",\"visible\":true,\"editable\":true},\"list\":{\"label\":\"formats\",\"searchable\":false,\"sortable\":false}},\"hash\":{\"edit\":{\"label\":\"hash\",\"description\":\"\",\"placeholder\":\"\",\"visible\":true,\"editable\":true},\"list\":{\"label\":\"hash\",\"searchable\":true,\"sortable\":true}},\"ext\":{\"edit\":{\"label\":\"ext\",\"description\":\"\",\"placeholder\":\"\",\"visible\":true,\"editable\":true},\"list\":{\"label\":\"ext\",\"searchable\":true,\"sortable\":true}},\"mime\":{\"edit\":{\"label\":\"mime\",\"description\":\"\",\"placeholder\":\"\",\"visible\":true,\"editable\":true},\"list\":{\"label\":\"mime\",\"searchable\":true,\"sortable\":true}},\"size\":{\"edit\":{\"label\":\"size\",\"description\":\"\",\"placeholder\":\"\",\"visible\":true,\"editable\":true},\"list\":{\"label\":\"size\",\"searchable\":true,\"sortable\":true}},\"url\":{\"edit\":{\"label\":\"url\",\"description\":\"\",\"placeholder\":\"\",\"visible\":true,\"editable\":true},\"list\":{\"label\":\"url\",\"searchable\":true,\"sortable\":true}},\"previewUrl\":{\"edit\":{\"label\":\"previewUrl\",\"description\":\"\",\"placeholder\":\"\",\"visible\":true,\"editable\":true},\"list\":{\"label\":\"previewUrl\",\"searchable\":true,\"sortable\":true}},\"provider\":{\"edit\":{\"label\":\"provider\",\"description\":\"\",\"placeholder\":\"\",\"visible\":true,\"editable\":true},\"list\":{\"label\":\"provider\",\"searchable\":true,\"sortable\":true}},\"provider_metadata\":{\"edit\":{\"label\":\"provider_metadata\",\"description\":\"\",\"placeholder\":\"\",\"visible\":true,\"editable\":true},\"list\":{\"label\":\"provider_metadata\",\"searchable\":false,\"sortable\":false}},\"folder\":{\"edit\":{\"label\":\"folder\",\"description\":\"\",\"placeholder\":\"\",\"visible\":true,\"editable\":true,\"mainField\":\"name\"},\"list\":{\"label\":\"folder\",\"searchable\":true,\"sortable\":true}},\"folderPath\":{\"edit\":{\"label\":\"folderPath\",\"description\":\"\",\"placeholder\":\"\",\"visible\":true,\"editable\":true},\"list\":{\"label\":\"folderPath\",\"searchable\":true,\"sortable\":true}},\"createdAt\":{\"edit\":{\"label\":\"createdAt\",\"description\":\"\",\"placeholder\":\"\",\"visible\":false,\"editable\":true},\"list\":{\"label\":\"createdAt\",\"searchable\":true,\"sortable\":true}},\"updatedAt\":{\"edit\":{\"label\":\"updatedAt\",\"description\":\"\",\"placeholder\":\"\",\"visible\":false,\"editable\":true},\"list\":{\"label\":\"updatedAt\",\"searchable\":true,\"sortable\":true}}},\"layouts\":{\"list\":[\"id\",\"name\",\"alternativeText\",\"caption\"],\"editRelations\":[\"folder\"],\"edit\":[[{\"name\":\"name\",\"size\":6},{\"name\":\"alternativeText\",\"size\":6}],[{\"name\":\"caption\",\"size\":6},{\"name\":\"width\",\"size\":4}],[{\"name\":\"height\",\"size\":4}],[{\"name\":\"formats\",\"size\":12}],[{\"name\":\"hash\",\"size\":6},{\"name\":\"ext\",\"size\":6}],[{\"name\":\"mime\",\"size\":6},{\"name\":\"size\",\"size\":4}],[{\"name\":\"url\",\"size\":6},{\"name\":\"previewUrl\",\"size\":6}],[{\"name\":\"provider\",\"size\":6}],[{\"name\":\"provider_metadata\",\"size\":12}],[{\"name\":\"folderPath\",\"size\":6}]]}}','object',NULL,NULL),(11,'plugin_content_manager_configuration_content_types::admin::api-token','{\"uid\":\"admin::api-token\",\"settings\":{\"bulkable\":true,\"filterable\":true,\"searchable\":true,\"pageSize\":10,\"mainField\":\"name\",\"defaultSortBy\":\"name\",\"defaultSortOrder\":\"ASC\"},\"metadatas\":{\"id\":{\"edit\":{},\"list\":{\"label\":\"id\",\"searchable\":true,\"sortable\":true}},\"name\":{\"edit\":{\"label\":\"name\",\"description\":\"\",\"placeholder\":\"\",\"visible\":true,\"editable\":true},\"list\":{\"label\":\"name\",\"searchable\":true,\"sortable\":true}},\"description\":{\"edit\":{\"label\":\"description\",\"description\":\"\",\"placeholder\":\"\",\"visible\":true,\"editable\":true},\"list\":{\"label\":\"description\",\"searchable\":true,\"sortable\":true}},\"type\":{\"edit\":{\"label\":\"type\",\"description\":\"\",\"placeholder\":\"\",\"visible\":true,\"editable\":true},\"list\":{\"label\":\"type\",\"searchable\":true,\"sortable\":true}},\"accessKey\":{\"edit\":{\"label\":\"accessKey\",\"description\":\"\",\"placeholder\":\"\",\"visible\":true,\"editable\":true},\"list\":{\"label\":\"accessKey\",\"searchable\":true,\"sortable\":true}},\"createdAt\":{\"edit\":{\"label\":\"createdAt\",\"description\":\"\",\"placeholder\":\"\",\"visible\":false,\"editable\":true},\"list\":{\"label\":\"createdAt\",\"searchable\":true,\"sortable\":true}},\"updatedAt\":{\"edit\":{\"label\":\"updatedAt\",\"description\":\"\",\"placeholder\":\"\",\"visible\":false,\"editable\":true},\"list\":{\"label\":\"updatedAt\",\"searchable\":true,\"sortable\":true}}},\"layouts\":{\"list\":[\"id\",\"name\",\"description\",\"type\"],\"editRelations\":[],\"edit\":[[{\"name\":\"name\",\"size\":6},{\"name\":\"description\",\"size\":6}],[{\"name\":\"type\",\"size\":6},{\"name\":\"accessKey\",\"size\":6}]]}}','object',NULL,NULL),(12,'plugin_upload_settings','{\"sizeOptimization\":false,\"responsiveDimensions\":false,\"autoOrientation\":false}','object',NULL,NULL),(13,'plugin_upload_metrics','{\"weeklySchedule\":\"55 13 9 * * 1\",\"lastWeeklyUpdate\":1664777635022}','object',NULL,NULL),(14,'plugin_users-permissions_grant','{\"email\":{\"enabled\":true,\"icon\":\"envelope\"},\"discord\":{\"enabled\":false,\"icon\":\"discord\",\"key\":\"\",\"secret\":\"\",\"callback\":\"api/auth/discord/callback\",\"scope\":[\"identify\",\"email\"]},\"facebook\":{\"enabled\":false,\"icon\":\"facebook-square\",\"key\":\"\",\"secret\":\"\",\"callback\":\"api/auth/facebook/callback\",\"scope\":[\"email\"]},\"google\":{\"enabled\":false,\"icon\":\"google\",\"key\":\"\",\"secret\":\"\",\"callback\":\"api/auth/google/callback\",\"scope\":[\"email\"]},\"github\":{\"enabled\":false,\"icon\":\"github\",\"key\":\"\",\"secret\":\"\",\"callback\":\"api/auth/github/callback\",\"scope\":[\"user\",\"user:email\"]},\"microsoft\":{\"enabled\":false,\"icon\":\"windows\",\"key\":\"\",\"secret\":\"\",\"callback\":\"api/auth/microsoft/callback\",\"scope\":[\"user.read\"]},\"twitter\":{\"enabled\":false,\"icon\":\"twitter\",\"key\":\"\",\"secret\":\"\",\"callback\":\"api/auth/twitter/callback\"},\"instagram\":{\"enabled\":false,\"icon\":\"instagram\",\"key\":\"\",\"secret\":\"\",\"callback\":\"api/auth/instagram/callback\",\"scope\":[\"user_profile\"]},\"vk\":{\"enabled\":false,\"icon\":\"vk\",\"key\":\"\",\"secret\":\"\",\"callback\":\"api/auth/vk/callback\",\"scope\":[\"email\"]},\"twitch\":{\"enabled\":false,\"icon\":\"twitch\",\"key\":\"\",\"secret\":\"\",\"callback\":\"api/auth/twitch/callback\",\"scope\":[\"user:read:email\"]},\"linkedin\":{\"enabled\":false,\"icon\":\"linkedin\",\"key\":\"\",\"secret\":\"\",\"callback\":\"api/auth/linkedin/callback\",\"scope\":[\"r_liteprofile\",\"r_emailaddress\"]},\"cognito\":{\"enabled\":false,\"icon\":\"aws\",\"key\":\"\",\"secret\":\"\",\"subdomain\":\"my.subdomain.com\",\"callback\":\"api/auth/cognito/callback\",\"scope\":[\"email\",\"openid\",\"profile\"]},\"reddit\":{\"enabled\":false,\"icon\":\"reddit\",\"key\":\"\",\"secret\":\"\",\"state\":true,\"callback\":\"api/auth/reddit/callback\",\"scope\":[\"identity\"]},\"auth0\":{\"enabled\":false,\"icon\":\"\",\"key\":\"\",\"secret\":\"\",\"subdomain\":\"my-tenant.eu\",\"callback\":\"api/auth/auth0/callback\",\"scope\":[\"openid\",\"email\",\"profile\"]},\"cas\":{\"enabled\":false,\"icon\":\"book\",\"key\":\"\",\"secret\":\"\",\"callback\":\"api/auth/cas/callback\",\"scope\":[\"openid email\"],\"subdomain\":\"my.subdomain.com/cas\"}}','object',NULL,NULL),(15,'plugin_users-permissions_email','{\"reset_password\":{\"display\":\"Email.template.reset_password\",\"icon\":\"sync\",\"options\":{\"from\":{\"name\":\"Administration Panel\",\"email\":\"no-reply@strapi.io\"},\"response_email\":\"\",\"object\":\"Reset password\",\"message\":\"<p>We heard that you lost your password. Sorry about that!</p>\\n\\n<p>But don’t worry! You can use the following link to reset your password:</p>\\n<p><%= URL %>?code=<%= TOKEN %></p>\\n\\n<p>Thanks.</p>\"}},\"email_confirmation\":{\"display\":\"Email.template.email_confirmation\",\"icon\":\"check-square\",\"options\":{\"from\":{\"name\":\"Administration Panel\",\"email\":\"no-reply@strapi.io\"},\"response_email\":\"\",\"object\":\"Account confirmation\",\"message\":\"<p>Thank you for registering!</p>\\n\\n<p>You have to confirm your email address. Please click on the link below.</p>\\n\\n<p><%= URL %>?confirmation=<%= CODE %></p>\\n\\n<p>Thanks.</p>\"}}}','object',NULL,NULL),(16,'plugin_users-permissions_advanced','{\"unique_email\":true,\"allow_register\":true,\"email_confirmation\":false,\"email_reset_password\":null,\"email_confirmation_redirection\":null,\"default_role\":\"authenticated\"}','object',NULL,NULL),(17,'plugin_i18n_default_locale','\"en\"','string',NULL,NULL),(18,'core_admin_auth','{\"providers\":{\"autoRegister\":false,\"defaultRole\":null}}','object',NULL,NULL),(19,'plugin_content_manager_configuration_content_types::api::option.option','{\"uid\":\"api::option.option\",\"settings\":{\"bulkable\":true,\"filterable\":true,\"searchable\":true,\"pageSize\":10,\"mainField\":\"phone\",\"defaultSortBy\":\"phone\",\"defaultSortOrder\":\"ASC\"},\"metadatas\":{\"id\":{\"edit\":{},\"list\":{\"label\":\"id\",\"searchable\":true,\"sortable\":true}},\"email\":{\"edit\":{\"label\":\"email\",\"description\":\"\",\"placeholder\":\"\",\"visible\":true,\"editable\":true},\"list\":{\"label\":\"email\",\"searchable\":true,\"sortable\":true}},\"phone\":{\"edit\":{\"label\":\"phone\",\"description\":\"\",\"placeholder\":\"\",\"visible\":true,\"editable\":true},\"list\":{\"label\":\"phone\",\"searchable\":true,\"sortable\":true}},\"facebook_url\":{\"edit\":{\"label\":\"facebook_url\",\"description\":\"\",\"placeholder\":\"\",\"visible\":true,\"editable\":true},\"list\":{\"label\":\"facebook_url\",\"searchable\":true,\"sortable\":true}},\"facebook_image\":{\"edit\":{\"label\":\"facebook_image\",\"description\":\"\",\"placeholder\":\"\",\"visible\":true,\"editable\":true},\"list\":{\"label\":\"facebook_image\",\"searchable\":false,\"sortable\":false}},\"instagram_url\":{\"edit\":{\"label\":\"instagram_url\",\"description\":\"\",\"placeholder\":\"\",\"visible\":true,\"editable\":true},\"list\":{\"label\":\"instagram_url\",\"searchable\":true,\"sortable\":true}},\"instagram_image\":{\"edit\":{\"label\":\"instagram_image\",\"description\":\"\",\"placeholder\":\"\",\"visible\":true,\"editable\":true},\"list\":{\"label\":\"instagram_image\",\"searchable\":false,\"sortable\":false}},\"linkedin_url\":{\"edit\":{\"label\":\"linkedin_url\",\"description\":\"\",\"placeholder\":\"\",\"visible\":true,\"editable\":true},\"list\":{\"label\":\"linkedin_url\",\"searchable\":true,\"sortable\":true}},\"linkedin_image\":{\"edit\":{\"label\":\"linkedin_image\",\"description\":\"\",\"placeholder\":\"\",\"visible\":true,\"editable\":true},\"list\":{\"label\":\"linkedin_image\",\"searchable\":false,\"sortable\":false}},\"youtube_url\":{\"edit\":{\"label\":\"youtube_url\",\"description\":\"\",\"placeholder\":\"\",\"visible\":true,\"editable\":true},\"list\":{\"label\":\"youtube_url\",\"searchable\":true,\"sortable\":true}},\"youtube_image\":{\"edit\":{\"label\":\"youtube_image\",\"description\":\"\",\"placeholder\":\"\",\"visible\":true,\"editable\":true},\"list\":{\"label\":\"youtube_image\",\"searchable\":false,\"sortable\":false}},\"whatsup_url\":{\"edit\":{\"label\":\"whatsup_url\",\"description\":\"\",\"placeholder\":\"\",\"visible\":true,\"editable\":true},\"list\":{\"label\":\"whatsup_url\",\"searchable\":true,\"sortable\":true}},\"whatsup_image\":{\"edit\":{\"label\":\"whatsup_image\",\"description\":\"\",\"placeholder\":\"\",\"visible\":true,\"editable\":true},\"list\":{\"label\":\"whatsup_image\",\"searchable\":false,\"sortable\":false}},\"logo\":{\"edit\":{\"label\":\"logo\",\"description\":\"\",\"placeholder\":\"\",\"visible\":true,\"editable\":true},\"list\":{\"label\":\"logo\",\"searchable\":false,\"sortable\":false}},\"image\":{\"edit\":{\"label\":\"image\",\"description\":\"\",\"placeholder\":\"\",\"visible\":true,\"editable\":true},\"list\":{\"label\":\"image\",\"searchable\":false,\"sortable\":false}},\"Text\":{\"edit\":{\"label\":\"Text\",\"description\":\"\",\"placeholder\":\"\",\"visible\":true,\"editable\":true},\"list\":{\"label\":\"Text\",\"searchable\":false,\"sortable\":false}},\"short_company_name\":{\"edit\":{\"label\":\"short_company_name\",\"description\":\"\",\"placeholder\":\"\",\"visible\":true,\"editable\":true},\"list\":{\"label\":\"short_company_name\",\"searchable\":true,\"sortable\":true}},\"address\":{\"edit\":{\"label\":\"address\",\"description\":\"\",\"placeholder\":\"\",\"visible\":true,\"editable\":true},\"list\":{\"label\":\"address\",\"searchable\":true,\"sortable\":true}},\"hours\":{\"edit\":{\"label\":\"hours\",\"description\":\"\",\"placeholder\":\"\",\"visible\":true,\"editable\":true},\"list\":{\"label\":\"hours\",\"searchable\":false,\"sortable\":false}},\"whatsup_number\":{\"edit\":{\"label\":\"whatsup_number\",\"description\":\"\",\"placeholder\":\"\",\"visible\":true,\"editable\":true},\"list\":{\"label\":\"whatsup_number\",\"searchable\":true,\"sortable\":true}},\"full_company_name\":{\"edit\":{\"label\":\"full_company_name\",\"description\":\"\",\"placeholder\":\"\",\"visible\":true,\"editable\":true},\"list\":{\"label\":\"full_company_name\",\"searchable\":true,\"sortable\":true}},\"vat\":{\"edit\":{\"label\":\"vat\",\"description\":\"\",\"placeholder\":\"\",\"visible\":true,\"editable\":true},\"list\":{\"label\":\"vat\",\"searchable\":true,\"sortable\":true}},\"partner_text\":{\"edit\":{\"label\":\"partner_text\",\"description\":\"\",\"placeholder\":\"\",\"visible\":true,\"editable\":true},\"list\":{\"label\":\"partner_text\",\"searchable\":true,\"sortable\":true}},\"partner_url\":{\"edit\":{\"label\":\"partner_url\",\"description\":\"\",\"placeholder\":\"\",\"visible\":true,\"editable\":true},\"list\":{\"label\":\"partner_url\",\"searchable\":true,\"sortable\":true}},\"partner_image\":{\"edit\":{\"label\":\"partner_image\",\"description\":\"\",\"placeholder\":\"\",\"visible\":true,\"editable\":true},\"list\":{\"label\":\"partner_image\",\"searchable\":false,\"sortable\":false}},\"createdAt\":{\"edit\":{\"label\":\"createdAt\",\"description\":\"\",\"placeholder\":\"\",\"visible\":false,\"editable\":true},\"list\":{\"label\":\"createdAt\",\"searchable\":true,\"sortable\":true}},\"updatedAt\":{\"edit\":{\"label\":\"updatedAt\",\"description\":\"\",\"placeholder\":\"\",\"visible\":false,\"editable\":true},\"list\":{\"label\":\"updatedAt\",\"searchable\":true,\"sortable\":true}}},\"layouts\":{\"edit\":[[{\"name\":\"email\",\"size\":6},{\"name\":\"phone\",\"size\":6}],[{\"name\":\"facebook_url\",\"size\":6},{\"name\":\"facebook_image\",\"size\":6}],[{\"name\":\"instagram_url\",\"size\":6},{\"name\":\"instagram_image\",\"size\":6}],[{\"name\":\"linkedin_url\",\"size\":6},{\"name\":\"linkedin_image\",\"size\":6}],[{\"name\":\"youtube_url\",\"size\":6},{\"name\":\"youtube_image\",\"size\":6}],[{\"name\":\"whatsup_url\",\"size\":6},{\"name\":\"whatsup_number\",\"size\":6}],[{\"name\":\"whatsup_image\",\"size\":6}],[{\"name\":\"logo\",\"size\":6},{\"name\":\"image\",\"size\":6}],[{\"name\":\"Text\",\"size\":12}],[{\"name\":\"full_company_name\",\"size\":6},{\"name\":\"short_company_name\",\"size\":6}],[{\"name\":\"address\",\"size\":6}],[{\"name\":\"hours\",\"size\":12}],[{\"name\":\"vat\",\"size\":6}],[{\"name\":\"partner_text\",\"size\":6},{\"name\":\"partner_url\",\"size\":6}],[{\"name\":\"partner_image\",\"size\":6}]],\"editRelations\":[],\"list\":[\"id\",\"email\",\"phone\",\"facebook_url\"]}}','object',NULL,NULL),(20,'plugin_content_manager_configuration_content_types::api::home.home','{\"uid\":\"api::home.home\",\"settings\":{\"bulkable\":true,\"filterable\":true,\"searchable\":true,\"pageSize\":10,\"mainField\":\"Title\",\"defaultSortBy\":\"Title\",\"defaultSortOrder\":\"ASC\"},\"metadatas\":{\"id\":{\"edit\":{},\"list\":{\"label\":\"id\",\"searchable\":true,\"sortable\":true}},\"Title\":{\"edit\":{\"label\":\"Title\",\"description\":\"\",\"placeholder\":\"\",\"visible\":true,\"editable\":true},\"list\":{\"label\":\"Title\",\"searchable\":true,\"sortable\":true}},\"home_intro\":{\"edit\":{\"label\":\"home_intro\",\"description\":\"\",\"placeholder\":\"\",\"visible\":true,\"editable\":true},\"list\":{\"label\":\"home_intro\",\"searchable\":false,\"sortable\":false}},\"slug\":{\"edit\":{\"label\":\"slug\",\"description\":\"\",\"placeholder\":\"\",\"visible\":true,\"editable\":true},\"list\":{\"label\":\"slug\",\"searchable\":true,\"sortable\":true}},\"features\":{\"edit\":{\"label\":\"features\",\"description\":\"\",\"placeholder\":\"\",\"visible\":true,\"editable\":true},\"list\":{\"label\":\"features\",\"searchable\":false,\"sortable\":false}},\"banner\":{\"edit\":{\"label\":\"banner\",\"description\":\"\",\"placeholder\":\"\",\"visible\":true,\"editable\":true},\"list\":{\"label\":\"banner\",\"searchable\":false,\"sortable\":false}},\"about\":{\"edit\":{\"label\":\"about\",\"description\":\"\",\"placeholder\":\"\",\"visible\":true,\"editable\":true},\"list\":{\"label\":\"about\",\"searchable\":false,\"sortable\":false}},\"certificates\":{\"edit\":{\"label\":\"certificates\",\"description\":\"\",\"placeholder\":\"\",\"visible\":true,\"editable\":true},\"list\":{\"label\":\"certificates\",\"searchable\":false,\"sortable\":false}},\"latest_posts\":{\"edit\":{\"label\":\"latest_posts\",\"description\":\"\",\"placeholder\":\"\",\"visible\":true,\"editable\":true},\"list\":{\"label\":\"latest_posts\",\"searchable\":false,\"sortable\":false}},\"createdAt\":{\"edit\":{\"label\":\"createdAt\",\"description\":\"\",\"placeholder\":\"\",\"visible\":false,\"editable\":true},\"list\":{\"label\":\"createdAt\",\"searchable\":true,\"sortable\":true}},\"updatedAt\":{\"edit\":{\"label\":\"updatedAt\",\"description\":\"\",\"placeholder\":\"\",\"visible\":false,\"editable\":true},\"list\":{\"label\":\"updatedAt\",\"searchable\":true,\"sortable\":true}}},\"layouts\":{\"list\":[\"id\",\"Title\",\"createdAt\",\"updatedAt\"],\"edit\":[[{\"name\":\"Title\",\"size\":6},{\"name\":\"slug\",\"size\":6}],[{\"name\":\"home_intro\",\"size\":12}],[{\"name\":\"features\",\"size\":12}],[{\"name\":\"banner\",\"size\":12}],[{\"name\":\"about\",\"size\":12}],[{\"name\":\"certificates\",\"size\":12}],[{\"name\":\"latest_posts\",\"size\":12}]],\"editRelations\":[]}}','object',NULL,NULL),(21,'plugin_content_manager_configuration_components::home.home-intro','{\"uid\":\"home.home-intro\",\"settings\":{\"bulkable\":true,\"filterable\":true,\"searchable\":true,\"pageSize\":10,\"mainField\":\"title\",\"defaultSortBy\":\"title\",\"defaultSortOrder\":\"ASC\"},\"metadatas\":{\"id\":{\"edit\":{},\"list\":{\"label\":\"id\",\"searchable\":false,\"sortable\":false}},\"title\":{\"edit\":{\"label\":\"title\",\"description\":\"\",\"placeholder\":\"\",\"visible\":true,\"editable\":true},\"list\":{\"label\":\"title\",\"searchable\":true,\"sortable\":true}},\"subtitle\":{\"edit\":{\"label\":\"subtitle\",\"description\":\"\",\"placeholder\":\"\",\"visible\":true,\"editable\":true},\"list\":{\"label\":\"subtitle\",\"searchable\":true,\"sortable\":true}},\"image\":{\"edit\":{\"label\":\"image\",\"description\":\"\",\"placeholder\":\"\",\"visible\":true,\"editable\":true},\"list\":{\"label\":\"image\",\"searchable\":false,\"sortable\":false}}},\"layouts\":{\"list\":[\"id\",\"title\",\"subtitle\",\"image\"],\"edit\":[[{\"name\":\"title\",\"size\":6},{\"name\":\"subtitle\",\"size\":6}],[{\"name\":\"image\",\"size\":6}]],\"editRelations\":[]},\"isComponent\":true}','object',NULL,NULL),(22,'plugin_content_manager_configuration_components::repeater.features','{\"uid\":\"repeater.features\",\"settings\":{\"bulkable\":true,\"filterable\":true,\"searchable\":true,\"pageSize\":10,\"mainField\":\"title\",\"defaultSortBy\":\"title\",\"defaultSortOrder\":\"ASC\"},\"metadatas\":{\"id\":{\"edit\":{},\"list\":{\"label\":\"id\",\"searchable\":false,\"sortable\":false}},\"icon\":{\"edit\":{\"label\":\"icon\",\"description\":\"\",\"placeholder\":\"\",\"visible\":true,\"editable\":true},\"list\":{\"label\":\"icon\",\"searchable\":false,\"sortable\":false}},\"title\":{\"edit\":{\"label\":\"title\",\"description\":\"\",\"placeholder\":\"\",\"visible\":true,\"editable\":true},\"list\":{\"label\":\"title\",\"searchable\":true,\"sortable\":true}},\"text\":{\"edit\":{\"label\":\"text\",\"description\":\"\",\"placeholder\":\"\",\"visible\":true,\"editable\":true},\"list\":{\"label\":\"text\",\"searchable\":false,\"sortable\":false}},\"url\":{\"edit\":{\"label\":\"url\",\"description\":\"\",\"placeholder\":\"\",\"visible\":true,\"editable\":true},\"list\":{\"label\":\"url\",\"searchable\":true,\"sortable\":true}}},\"layouts\":{\"list\":[\"id\",\"title\",\"url\"],\"edit\":[[{\"name\":\"icon\",\"size\":12}],[{\"name\":\"title\",\"size\":6}],[{\"name\":\"text\",\"size\":12}],[{\"name\":\"url\",\"size\":6}]],\"editRelations\":[]},\"isComponent\":true}','object',NULL,NULL),(23,'plugin_content_manager_configuration_components::home.banner','{\"uid\":\"home.banner\",\"settings\":{\"bulkable\":true,\"filterable\":true,\"searchable\":true,\"pageSize\":10,\"mainField\":\"title\",\"defaultSortBy\":\"title\",\"defaultSortOrder\":\"ASC\"},\"metadatas\":{\"id\":{\"edit\":{},\"list\":{\"label\":\"id\",\"searchable\":false,\"sortable\":false}},\"title\":{\"edit\":{\"label\":\"title\",\"description\":\"\",\"placeholder\":\"\",\"visible\":true,\"editable\":true},\"list\":{\"label\":\"title\",\"searchable\":true,\"sortable\":true}},\"text\":{\"edit\":{\"label\":\"text\",\"description\":\"\",\"placeholder\":\"\",\"visible\":true,\"editable\":true},\"list\":{\"label\":\"text\",\"searchable\":false,\"sortable\":false}},\"image\":{\"edit\":{\"label\":\"image\",\"description\":\"\",\"placeholder\":\"\",\"visible\":true,\"editable\":true},\"list\":{\"label\":\"image\",\"searchable\":false,\"sortable\":false}}},\"layouts\":{\"list\":[\"id\",\"title\",\"image\"],\"edit\":[[{\"name\":\"title\",\"size\":6}],[{\"name\":\"text\",\"size\":12}],[{\"name\":\"image\",\"size\":6}]],\"editRelations\":[]},\"isComponent\":true}','object',NULL,NULL),(24,'plugin_content_manager_configuration_components::home.about','{\"uid\":\"home.about\",\"settings\":{\"bulkable\":true,\"filterable\":true,\"searchable\":true,\"pageSize\":10,\"mainField\":\"title\",\"defaultSortBy\":\"title\",\"defaultSortOrder\":\"ASC\"},\"metadatas\":{\"id\":{\"edit\":{},\"list\":{\"label\":\"id\",\"searchable\":false,\"sortable\":false}},\"title\":{\"edit\":{\"label\":\"title\",\"description\":\"\",\"placeholder\":\"\",\"visible\":true,\"editable\":true},\"list\":{\"label\":\"title\",\"searchable\":true,\"sortable\":true}},\"text\":{\"edit\":{\"label\":\"text\",\"description\":\"\",\"placeholder\":\"\",\"visible\":true,\"editable\":true},\"list\":{\"label\":\"text\",\"searchable\":false,\"sortable\":false}},\"button_text\":{\"edit\":{\"label\":\"button_text\",\"description\":\"\",\"placeholder\":\"\",\"visible\":true,\"editable\":true},\"list\":{\"label\":\"button_text\",\"searchable\":true,\"sortable\":true}},\"button_url\":{\"edit\":{\"label\":\"button_url\",\"description\":\"\",\"placeholder\":\"\",\"visible\":true,\"editable\":true},\"list\":{\"label\":\"button_url\",\"searchable\":true,\"sortable\":true}},\"image\":{\"edit\":{\"label\":\"image\",\"description\":\"\",\"placeholder\":\"\",\"visible\":true,\"editable\":true},\"list\":{\"label\":\"image\",\"searchable\":false,\"sortable\":false}}},\"layouts\":{\"list\":[\"id\",\"title\",\"button_text\",\"button_url\"],\"edit\":[[{\"name\":\"title\",\"size\":6}],[{\"name\":\"text\",\"size\":12}],[{\"name\":\"button_text\",\"size\":6},{\"name\":\"button_url\",\"size\":6}],[{\"name\":\"image\",\"size\":6}]],\"editRelations\":[]},\"isComponent\":true}','object',NULL,NULL),(25,'plugin_content_manager_configuration_components::repeater.certificate-items','{\"uid\":\"repeater.certificate-items\",\"settings\":{\"bulkable\":true,\"filterable\":true,\"searchable\":true,\"pageSize\":10,\"mainField\":\"title\",\"defaultSortBy\":\"title\",\"defaultSortOrder\":\"ASC\"},\"metadatas\":{\"id\":{\"edit\":{},\"list\":{\"label\":\"id\",\"searchable\":false,\"sortable\":false}},\"image\":{\"edit\":{\"label\":\"image\",\"description\":\"\",\"placeholder\":\"\",\"visible\":true,\"editable\":true},\"list\":{\"label\":\"image\",\"searchable\":false,\"sortable\":false}},\"title\":{\"edit\":{\"label\":\"title\",\"description\":\"\",\"placeholder\":\"\",\"visible\":true,\"editable\":true},\"list\":{\"label\":\"title\",\"searchable\":true,\"sortable\":true}},\"text\":{\"edit\":{\"label\":\"text\",\"description\":\"\",\"placeholder\":\"\",\"visible\":true,\"editable\":true},\"list\":{\"label\":\"text\",\"searchable\":false,\"sortable\":false}}},\"layouts\":{\"list\":[\"id\",\"image\",\"title\"],\"edit\":[[{\"name\":\"image\",\"size\":6},{\"name\":\"title\",\"size\":6}],[{\"name\":\"text\",\"size\":12}]],\"editRelations\":[]},\"isComponent\":true}','object',NULL,NULL),(26,'plugin_content_manager_configuration_content_types::api::post.post','{\"uid\":\"api::post.post\",\"settings\":{\"bulkable\":true,\"filterable\":true,\"searchable\":true,\"pageSize\":10,\"mainField\":\"title\",\"defaultSortBy\":\"title\",\"defaultSortOrder\":\"ASC\"},\"metadatas\":{\"id\":{\"edit\":{},\"list\":{\"label\":\"id\",\"searchable\":true,\"sortable\":true}},\"title\":{\"edit\":{\"label\":\"title\",\"description\":\"\",\"placeholder\":\"\",\"visible\":true,\"editable\":true},\"list\":{\"label\":\"title\",\"searchable\":true,\"sortable\":true}},\"image\":{\"edit\":{\"label\":\"image\",\"description\":\"\",\"placeholder\":\"\",\"visible\":true,\"editable\":true},\"list\":{\"label\":\"image\",\"searchable\":false,\"sortable\":false}},\"text\":{\"edit\":{\"label\":\"text\",\"description\":\"\",\"placeholder\":\"\",\"visible\":true,\"editable\":true},\"list\":{\"label\":\"text\",\"searchable\":false,\"sortable\":false}},\"post_tags\":{\"edit\":{\"label\":\"post_tags\",\"description\":\"\",\"placeholder\":\"\",\"visible\":true,\"editable\":true,\"mainField\":\"title\"},\"list\":{\"label\":\"post_tags\",\"searchable\":false,\"sortable\":false}},\"slug\":{\"edit\":{\"label\":\"slug\",\"description\":\"\",\"placeholder\":\"\",\"visible\":true,\"editable\":true},\"list\":{\"label\":\"slug\",\"searchable\":true,\"sortable\":true}},\"author\":{\"edit\":{\"label\":\"author\",\"description\":\"\",\"placeholder\":\"\",\"visible\":true,\"editable\":true,\"mainField\":\"title\"},\"list\":{\"label\":\"author\",\"searchable\":true,\"sortable\":true}},\"createdAt\":{\"edit\":{\"label\":\"createdAt\",\"description\":\"\",\"placeholder\":\"\",\"visible\":false,\"editable\":true},\"list\":{\"label\":\"createdAt\",\"searchable\":true,\"sortable\":true}},\"updatedAt\":{\"edit\":{\"label\":\"updatedAt\",\"description\":\"\",\"placeholder\":\"\",\"visible\":false,\"editable\":true},\"list\":{\"label\":\"updatedAt\",\"searchable\":true,\"sortable\":true}}},\"layouts\":{\"edit\":[[{\"name\":\"title\",\"size\":6},{\"name\":\"slug\",\"size\":6}],[{\"name\":\"image\",\"size\":6}],[{\"name\":\"text\",\"size\":12}]],\"editRelations\":[\"post_tags\",\"author\"],\"list\":[\"id\",\"title\",\"slug\",\"image\",\"post_tags\"]}}','object',NULL,NULL),(27,'plugin_content_manager_configuration_content_types::api::post-tag.post-tag','{\"uid\":\"api::post-tag.post-tag\",\"settings\":{\"bulkable\":true,\"filterable\":true,\"searchable\":true,\"pageSize\":10,\"mainField\":\"title\",\"defaultSortBy\":\"title\",\"defaultSortOrder\":\"ASC\"},\"metadatas\":{\"id\":{\"edit\":{},\"list\":{\"label\":\"id\",\"searchable\":true,\"sortable\":true}},\"title\":{\"edit\":{\"label\":\"title\",\"description\":\"\",\"placeholder\":\"\",\"visible\":true,\"editable\":true},\"list\":{\"label\":\"title\",\"searchable\":true,\"sortable\":true}},\"slug\":{\"edit\":{\"label\":\"slug\",\"description\":\"\",\"placeholder\":\"\",\"visible\":true,\"editable\":true},\"list\":{\"label\":\"slug\",\"searchable\":true,\"sortable\":true}},\"posts\":{\"edit\":{\"label\":\"posts\",\"description\":\"\",\"placeholder\":\"\",\"visible\":true,\"editable\":true,\"mainField\":\"title\"},\"list\":{\"label\":\"posts\",\"searchable\":false,\"sortable\":false}},\"createdAt\":{\"edit\":{\"label\":\"createdAt\",\"description\":\"\",\"placeholder\":\"\",\"visible\":false,\"editable\":true},\"list\":{\"label\":\"createdAt\",\"searchable\":true,\"sortable\":true}},\"updatedAt\":{\"edit\":{\"label\":\"updatedAt\",\"description\":\"\",\"placeholder\":\"\",\"visible\":false,\"editable\":true},\"list\":{\"label\":\"updatedAt\",\"searchable\":true,\"sortable\":true}}},\"layouts\":{\"list\":[\"id\",\"title\",\"slug\",\"createdAt\"],\"edit\":[[{\"name\":\"title\",\"size\":6},{\"name\":\"slug\",\"size\":6}]],\"editRelations\":[\"posts\"]}}','object',NULL,NULL),(28,'plugin_content_manager_configuration_components::home.latest-posts','{\"uid\":\"home.latest-posts\",\"settings\":{\"bulkable\":true,\"filterable\":true,\"searchable\":true,\"pageSize\":10,\"mainField\":\"title\",\"defaultSortBy\":\"title\",\"defaultSortOrder\":\"ASC\"},\"metadatas\":{\"id\":{\"edit\":{},\"list\":{\"label\":\"id\",\"searchable\":false,\"sortable\":false}},\"title\":{\"edit\":{\"label\":\"title\",\"description\":\"\",\"placeholder\":\"\",\"visible\":true,\"editable\":true},\"list\":{\"label\":\"title\",\"searchable\":true,\"sortable\":true}},\"button_text\":{\"edit\":{\"label\":\"button_text\",\"description\":\"\",\"placeholder\":\"\",\"visible\":true,\"editable\":true},\"list\":{\"label\":\"button_text\",\"searchable\":true,\"sortable\":true}},\"posts_ids\":{\"edit\":{\"label\":\"posts_ids\",\"description\":\"\",\"placeholder\":\"\",\"visible\":true,\"editable\":true},\"list\":{\"label\":\"posts_ids\",\"searchable\":true,\"sortable\":true}}},\"layouts\":{\"list\":[\"id\",\"title\",\"button_text\",\"posts_ids\"],\"edit\":[[{\"name\":\"title\",\"size\":6},{\"name\":\"button_text\",\"size\":6}],[{\"name\":\"posts_ids\",\"size\":6}]],\"editRelations\":[]},\"isComponent\":true}','object',NULL,NULL),(29,'plugin_content_manager_configuration_components::global.page-intro','{\"uid\":\"global.page-intro\",\"settings\":{\"bulkable\":true,\"filterable\":true,\"searchable\":true,\"pageSize\":10,\"mainField\":\"id\",\"defaultSortBy\":\"id\",\"defaultSortOrder\":\"ASC\"},\"metadatas\":{\"id\":{\"edit\":{},\"list\":{\"label\":\"id\",\"searchable\":false,\"sortable\":false}},\"title\":{\"edit\":{\"label\":\"title\",\"description\":\"\",\"placeholder\":\"\",\"visible\":true,\"editable\":true},\"list\":{\"label\":\"title\",\"searchable\":true,\"sortable\":true}},\"image\":{\"edit\":{\"label\":\"image\",\"description\":\"\",\"placeholder\":\"\",\"visible\":true,\"editable\":true},\"list\":{\"label\":\"image\",\"searchable\":false,\"sortable\":false}}},\"layouts\":{\"list\":[\"id\",\"title\",\"image\"],\"edit\":[[{\"name\":\"title\",\"size\":6},{\"name\":\"image\",\"size\":6}]],\"editRelations\":[]},\"isComponent\":true}','object',NULL,NULL),(30,'plugin_content_manager_configuration_content_types::api::servizi.servizi','{\"uid\":\"api::servizi.servizi\",\"settings\":{\"bulkable\":true,\"filterable\":true,\"searchable\":true,\"pageSize\":10,\"mainField\":\"id\",\"defaultSortBy\":\"id\",\"defaultSortOrder\":\"ASC\"},\"metadatas\":{\"id\":{\"edit\":{},\"list\":{\"label\":\"id\",\"searchable\":true,\"sortable\":true}},\"page_intro\":{\"edit\":{\"label\":\"page_intro\",\"description\":\"\",\"placeholder\":\"\",\"visible\":true,\"editable\":true},\"list\":{\"label\":\"page_intro\",\"searchable\":false,\"sortable\":false}},\"servizi_items\":{\"edit\":{\"label\":\"servizi_items\",\"description\":\"\",\"placeholder\":\"\",\"visible\":true,\"editable\":true},\"list\":{\"label\":\"servizi_items\",\"searchable\":false,\"sortable\":false}},\"Title\":{\"edit\":{\"label\":\"Title\",\"description\":\"\",\"placeholder\":\"\",\"visible\":true,\"editable\":true},\"list\":{\"label\":\"Title\",\"searchable\":true,\"sortable\":true}},\"text\":{\"edit\":{\"label\":\"text\",\"description\":\"\",\"placeholder\":\"\",\"visible\":true,\"editable\":true},\"list\":{\"label\":\"text\",\"searchable\":false,\"sortable\":false}},\"image\":{\"edit\":{\"label\":\"image\",\"description\":\"\",\"placeholder\":\"\",\"visible\":true,\"editable\":true},\"list\":{\"label\":\"image\",\"searchable\":false,\"sortable\":false}},\"createdAt\":{\"edit\":{\"label\":\"createdAt\",\"description\":\"\",\"placeholder\":\"\",\"visible\":false,\"editable\":true},\"list\":{\"label\":\"createdAt\",\"searchable\":true,\"sortable\":true}},\"updatedAt\":{\"edit\":{\"label\":\"updatedAt\",\"description\":\"\",\"placeholder\":\"\",\"visible\":false,\"editable\":true},\"list\":{\"label\":\"updatedAt\",\"searchable\":true,\"sortable\":true}}},\"layouts\":{\"list\":[\"id\",\"page_intro\",\"createdAt\",\"servizi_items\"],\"edit\":[[{\"name\":\"page_intro\",\"size\":12}],[{\"name\":\"servizi_items\",\"size\":12}],[{\"name\":\"Title\",\"size\":6}],[{\"name\":\"text\",\"size\":12}],[{\"name\":\"image\",\"size\":6}]],\"editRelations\":[]}}','object',NULL,NULL),(31,'plugin_content_manager_configuration_components::repeater.servizi-items','{\"uid\":\"repeater.servizi-items\",\"settings\":{\"bulkable\":true,\"filterable\":true,\"searchable\":true,\"pageSize\":10,\"mainField\":\"title\",\"defaultSortBy\":\"title\",\"defaultSortOrder\":\"ASC\"},\"metadatas\":{\"id\":{\"edit\":{},\"list\":{\"label\":\"id\",\"searchable\":false,\"sortable\":false}},\"title\":{\"edit\":{\"label\":\"title\",\"description\":\"\",\"placeholder\":\"\",\"visible\":true,\"editable\":true},\"list\":{\"label\":\"title\",\"searchable\":true,\"sortable\":true}},\"text\":{\"edit\":{\"label\":\"text\",\"description\":\"\",\"placeholder\":\"\",\"visible\":true,\"editable\":true},\"list\":{\"label\":\"text\",\"searchable\":false,\"sortable\":false}},\"image\":{\"edit\":{\"label\":\"image\",\"description\":\"\",\"placeholder\":\"\",\"visible\":true,\"editable\":true},\"list\":{\"label\":\"image\",\"searchable\":false,\"sortable\":false}}},\"layouts\":{\"list\":[\"id\",\"title\",\"image\"],\"edit\":[[{\"name\":\"title\",\"size\":6}],[{\"name\":\"text\",\"size\":12}],[{\"name\":\"image\",\"size\":6}]],\"editRelations\":[]},\"isComponent\":true}','object',NULL,NULL),(32,'plugin_content_manager_configuration_content_types::api::chi-siamo.chi-siamo','{\"uid\":\"api::chi-siamo.chi-siamo\",\"settings\":{\"bulkable\":true,\"filterable\":true,\"searchable\":true,\"pageSize\":10,\"mainField\":\"id\",\"defaultSortBy\":\"id\",\"defaultSortOrder\":\"ASC\"},\"metadatas\":{\"id\":{\"edit\":{},\"list\":{\"label\":\"id\",\"searchable\":true,\"sortable\":true}},\"slug\":{\"edit\":{\"label\":\"slug\",\"description\":\"\",\"placeholder\":\"\",\"visible\":true,\"editable\":true},\"list\":{\"label\":\"slug\",\"searchable\":true,\"sortable\":true}},\"page_intro\":{\"edit\":{\"label\":\"page_intro\",\"description\":\"\",\"placeholder\":\"\",\"visible\":true,\"editable\":true},\"list\":{\"label\":\"page_intro\",\"searchable\":false,\"sortable\":false}},\"content\":{\"edit\":{\"label\":\"content\",\"description\":\"\",\"placeholder\":\"\",\"visible\":true,\"editable\":true},\"list\":{\"label\":\"content\",\"searchable\":false,\"sortable\":false}},\"title_1\":{\"edit\":{\"label\":\"title_1\",\"description\":\"\",\"placeholder\":\"\",\"visible\":true,\"editable\":true},\"list\":{\"label\":\"title_1\",\"searchable\":true,\"sortable\":true}},\"title_2\":{\"edit\":{\"label\":\"title_2\",\"description\":\"\",\"placeholder\":\"\",\"visible\":true,\"editable\":true},\"list\":{\"label\":\"title_2\",\"searchable\":true,\"sortable\":true}},\"team_1\":{\"edit\":{\"label\":\"team_1\",\"description\":\"\",\"placeholder\":\"\",\"visible\":true,\"editable\":true},\"list\":{\"label\":\"team_1\",\"searchable\":false,\"sortable\":false}},\"team_2\":{\"edit\":{\"label\":\"team_2\",\"description\":\"\",\"placeholder\":\"\",\"visible\":true,\"editable\":true},\"list\":{\"label\":\"team_2\",\"searchable\":false,\"sortable\":false}},\"createdAt\":{\"edit\":{\"label\":\"createdAt\",\"description\":\"\",\"placeholder\":\"\",\"visible\":false,\"editable\":true},\"list\":{\"label\":\"createdAt\",\"searchable\":true,\"sortable\":true}},\"updatedAt\":{\"edit\":{\"label\":\"updatedAt\",\"description\":\"\",\"placeholder\":\"\",\"visible\":false,\"editable\":true},\"list\":{\"label\":\"updatedAt\",\"searchable\":true,\"sortable\":true}}},\"layouts\":{\"list\":[\"id\",\"slug\",\"page_intro\",\"title_1\"],\"edit\":[[{\"name\":\"slug\",\"size\":6}],[{\"name\":\"page_intro\",\"size\":12}],[{\"name\":\"content\",\"size\":12}],[{\"name\":\"title_1\",\"size\":6},{\"name\":\"title_2\",\"size\":6}],[{\"name\":\"team_1\",\"size\":12}],[{\"name\":\"team_2\",\"size\":12}]],\"editRelations\":[]}}','object',NULL,NULL),(33,'plugin_content_manager_configuration_components::repeater.team','{\"uid\":\"repeater.team\",\"settings\":{\"bulkable\":true,\"filterable\":true,\"searchable\":true,\"pageSize\":10,\"mainField\":\"title\",\"defaultSortBy\":\"title\",\"defaultSortOrder\":\"ASC\"},\"metadatas\":{\"id\":{\"edit\":{},\"list\":{\"label\":\"id\",\"searchable\":false,\"sortable\":false}},\"image\":{\"edit\":{\"label\":\"image\",\"description\":\"\",\"placeholder\":\"\",\"visible\":true,\"editable\":true},\"list\":{\"label\":\"image\",\"searchable\":false,\"sortable\":false}},\"title\":{\"edit\":{\"label\":\"title\",\"description\":\"\",\"placeholder\":\"\",\"visible\":true,\"editable\":true},\"list\":{\"label\":\"title\",\"searchable\":true,\"sortable\":true}},\"tag\":{\"edit\":{\"label\":\"tag\",\"description\":\"\",\"placeholder\":\"\",\"visible\":true,\"editable\":true},\"list\":{\"label\":\"tag\",\"searchable\":true,\"sortable\":true}},\"text\":{\"edit\":{\"label\":\"text\",\"description\":\"\",\"placeholder\":\"\",\"visible\":true,\"editable\":true},\"list\":{\"label\":\"text\",\"searchable\":false,\"sortable\":false}},\"agente_tags\":{\"edit\":{\"label\":\"agente_tags\",\"description\":\"\",\"placeholder\":\"\",\"visible\":true,\"editable\":true,\"mainField\":\"title\"},\"list\":{\"label\":\"agente_tags\",\"searchable\":false,\"sortable\":false}},\"socials\":{\"edit\":{\"label\":\"socials\",\"description\":\"\",\"placeholder\":\"\",\"visible\":true,\"editable\":true},\"list\":{\"label\":\"socials\",\"searchable\":false,\"sortable\":false}}},\"layouts\":{\"list\":[\"id\",\"image\",\"title\",\"tag\"],\"edit\":[[{\"name\":\"image\",\"size\":6},{\"name\":\"title\",\"size\":6}],[{\"name\":\"tag\",\"size\":6}],[{\"name\":\"text\",\"size\":12}],[{\"name\":\"agente_tags\",\"size\":6}],[{\"name\":\"socials\",\"size\":12}]],\"editRelations\":[]},\"isComponent\":true}','object',NULL,NULL),(34,'plugin_content_manager_configuration_content_types::api::agente-tag.agente-tag','{\"uid\":\"api::agente-tag.agente-tag\",\"settings\":{\"bulkable\":true,\"filterable\":true,\"searchable\":true,\"pageSize\":10,\"mainField\":\"title\",\"defaultSortBy\":\"title\",\"defaultSortOrder\":\"ASC\"},\"metadatas\":{\"id\":{\"edit\":{},\"list\":{\"label\":\"id\",\"searchable\":true,\"sortable\":true}},\"title\":{\"edit\":{\"label\":\"title\",\"description\":\"\",\"placeholder\":\"\",\"visible\":true,\"editable\":true},\"list\":{\"label\":\"title\",\"searchable\":true,\"sortable\":true}},\"createdAt\":{\"edit\":{\"label\":\"createdAt\",\"description\":\"\",\"placeholder\":\"\",\"visible\":false,\"editable\":true},\"list\":{\"label\":\"createdAt\",\"searchable\":true,\"sortable\":true}},\"updatedAt\":{\"edit\":{\"label\":\"updatedAt\",\"description\":\"\",\"placeholder\":\"\",\"visible\":false,\"editable\":true},\"list\":{\"label\":\"updatedAt\",\"searchable\":true,\"sortable\":true}}},\"layouts\":{\"list\":[\"id\",\"title\",\"createdAt\",\"updatedAt\"],\"editRelations\":[],\"edit\":[[{\"name\":\"title\",\"size\":6}]]}}','object',NULL,NULL),(35,'plugin_content_manager_configuration_components::repeater.socials','{\"uid\":\"repeater.socials\",\"settings\":{\"bulkable\":true,\"filterable\":true,\"searchable\":true,\"pageSize\":10,\"mainField\":\"url\",\"defaultSortBy\":\"url\",\"defaultSortOrder\":\"ASC\"},\"metadatas\":{\"id\":{\"edit\":{},\"list\":{\"label\":\"id\",\"searchable\":false,\"sortable\":false}},\"social_label\":{\"edit\":{\"label\":\"social_label\",\"description\":\"\",\"placeholder\":\"\",\"visible\":true,\"editable\":true},\"list\":{\"label\":\"social_label\",\"searchable\":true,\"sortable\":true}},\"url\":{\"edit\":{\"label\":\"url\",\"description\":\"\",\"placeholder\":\"\",\"visible\":true,\"editable\":true},\"list\":{\"label\":\"url\",\"searchable\":true,\"sortable\":true}}},\"layouts\":{\"list\":[\"id\",\"social_label\",\"url\"],\"edit\":[[{\"name\":\"social_label\",\"size\":6},{\"name\":\"url\",\"size\":6}]],\"editRelations\":[]},\"isComponent\":true}','object',NULL,NULL),(36,'plugin_content_manager_configuration_content_types::api::contatti.contatti','{\"uid\":\"api::contatti.contatti\",\"settings\":{\"bulkable\":true,\"filterable\":true,\"searchable\":true,\"pageSize\":10,\"mainField\":\"id\",\"defaultSortBy\":\"id\",\"defaultSortOrder\":\"ASC\"},\"metadatas\":{\"id\":{\"edit\":{},\"list\":{\"label\":\"id\",\"searchable\":true,\"sortable\":true}},\"page_intro\":{\"edit\":{\"label\":\"page_intro\",\"description\":\"\",\"placeholder\":\"\",\"visible\":true,\"editable\":true},\"list\":{\"label\":\"page_intro\",\"searchable\":false,\"sortable\":false}},\"createdAt\":{\"edit\":{\"label\":\"createdAt\",\"description\":\"\",\"placeholder\":\"\",\"visible\":false,\"editable\":true},\"list\":{\"label\":\"createdAt\",\"searchable\":true,\"sortable\":true}},\"updatedAt\":{\"edit\":{\"label\":\"updatedAt\",\"description\":\"\",\"placeholder\":\"\",\"visible\":false,\"editable\":true},\"list\":{\"label\":\"updatedAt\",\"searchable\":true,\"sortable\":true}}},\"layouts\":{\"list\":[\"id\",\"page_intro\",\"createdAt\",\"updatedAt\"],\"editRelations\":[],\"edit\":[[{\"name\":\"page_intro\",\"size\":12}]]}}','object',NULL,NULL),(37,'plugin_content_manager_configuration_content_types::api::blog.blog','{\"uid\":\"api::blog.blog\",\"settings\":{\"bulkable\":true,\"filterable\":true,\"searchable\":true,\"pageSize\":10,\"mainField\":\"title\",\"defaultSortBy\":\"title\",\"defaultSortOrder\":\"ASC\"},\"metadatas\":{\"id\":{\"edit\":{},\"list\":{\"label\":\"id\",\"searchable\":true,\"sortable\":true}},\"title\":{\"edit\":{\"label\":\"title\",\"description\":\"\",\"placeholder\":\"\",\"visible\":true,\"editable\":true},\"list\":{\"label\":\"title\",\"searchable\":true,\"sortable\":true}},\"text\":{\"edit\":{\"label\":\"text\",\"description\":\"\",\"placeholder\":\"\",\"visible\":true,\"editable\":true},\"list\":{\"label\":\"text\",\"searchable\":true,\"sortable\":true}},\"page_intro\":{\"edit\":{\"label\":\"page_intro\",\"description\":\"\",\"placeholder\":\"\",\"visible\":true,\"editable\":true},\"list\":{\"label\":\"page_intro\",\"searchable\":false,\"sortable\":false}},\"createdAt\":{\"edit\":{\"label\":\"createdAt\",\"description\":\"\",\"placeholder\":\"\",\"visible\":false,\"editable\":true},\"list\":{\"label\":\"createdAt\",\"searchable\":true,\"sortable\":true}},\"updatedAt\":{\"edit\":{\"label\":\"updatedAt\",\"description\":\"\",\"placeholder\":\"\",\"visible\":false,\"editable\":true},\"list\":{\"label\":\"updatedAt\",\"searchable\":true,\"sortable\":true}}},\"layouts\":{\"list\":[\"id\",\"title\",\"text\",\"createdAt\"],\"edit\":[[{\"name\":\"title\",\"size\":6},{\"name\":\"text\",\"size\":6}],[{\"name\":\"page_intro\",\"size\":12}]],\"editRelations\":[]}}','object',NULL,NULL),(38,'plugin_content_manager_configuration_content_types::api::author.author','{\"uid\":\"api::author.author\",\"settings\":{\"bulkable\":true,\"filterable\":true,\"searchable\":true,\"pageSize\":10,\"mainField\":\"title\",\"defaultSortBy\":\"title\",\"defaultSortOrder\":\"ASC\"},\"metadatas\":{\"id\":{\"edit\":{},\"list\":{\"label\":\"id\",\"searchable\":true,\"sortable\":true}},\"title\":{\"edit\":{\"label\":\"title\",\"description\":\"\",\"placeholder\":\"\",\"visible\":true,\"editable\":true},\"list\":{\"label\":\"title\",\"searchable\":true,\"sortable\":true}},\"image\":{\"edit\":{\"label\":\"image\",\"description\":\"\",\"placeholder\":\"\",\"visible\":true,\"editable\":true},\"list\":{\"label\":\"image\",\"searchable\":false,\"sortable\":false}},\"text\":{\"edit\":{\"label\":\"text\",\"description\":\"\",\"placeholder\":\"\",\"visible\":true,\"editable\":true},\"list\":{\"label\":\"text\",\"searchable\":true,\"sortable\":true}},\"createdAt\":{\"edit\":{\"label\":\"createdAt\",\"description\":\"\",\"placeholder\":\"\",\"visible\":false,\"editable\":true},\"list\":{\"label\":\"createdAt\",\"searchable\":true,\"sortable\":true}},\"updatedAt\":{\"edit\":{\"label\":\"updatedAt\",\"description\":\"\",\"placeholder\":\"\",\"visible\":false,\"editable\":true},\"list\":{\"label\":\"updatedAt\",\"searchable\":true,\"sortable\":true}}},\"layouts\":{\"list\":[\"id\",\"title\",\"image\",\"createdAt\"],\"edit\":[[{\"name\":\"title\",\"size\":6},{\"name\":\"image\",\"size\":6}],[{\"name\":\"text\",\"size\":6}]],\"editRelations\":[]}}','object',NULL,NULL);
/*!40000 ALTER TABLE `strapi_core_store_settings` ENABLE KEYS */;
UNLOCK TABLES;

--
-- Table structure for table `strapi_database_schema`
--

DROP TABLE IF EXISTS `strapi_database_schema`;
/*!40101 SET @saved_cs_client     = @@character_set_client */;
/*!50503 SET character_set_client = utf8mb4 */;
CREATE TABLE `strapi_database_schema` (
  `id` int unsigned NOT NULL AUTO_INCREMENT,
  `schema` json DEFAULT NULL,
  `time` datetime DEFAULT NULL,
  `hash` varchar(255) DEFAULT NULL,
  PRIMARY KEY (`id`)
) ENGINE=InnoDB AUTO_INCREMENT=45 DEFAULT CHARSET=utf8mb4 COLLATE=utf8mb4_0900_ai_ci;
/*!40101 SET character_set_client = @saved_cs_client */;

--
-- Dumping data for table `strapi_database_schema`
--

LOCK TABLES `strapi_database_schema` WRITE;
/*!40000 ALTER TABLE `strapi_database_schema` DISABLE KEYS */;
INSERT INTO `strapi_database_schema` VALUES (44,'{\"tables\": [{\"name\": \"strapi_core_store_settings\", \"columns\": [{\"args\": [{\"primary\": true, \"primaryKey\": true}], \"name\": \"id\", \"type\": \"increments\", \"unsigned\": false, \"defaultTo\": null, \"notNullable\": true}, {\"args\": [], \"name\": \"key\", \"type\": \"string\", \"unsigned\": false, \"defaultTo\": null, \"notNullable\": false}, {\"args\": [\"longtext\"], \"name\": \"value\", \"type\": \"text\", \"unsigned\": false, \"defaultTo\": null, \"notNullable\": false}, {\"args\": [], \"name\": \"type\", \"type\": \"string\", \"unsigned\": false, \"defaultTo\": null, \"notNullable\": false}, {\"args\": [], \"name\": \"environment\", \"type\": \"string\", \"unsigned\": false, \"defaultTo\": null, \"notNullable\": false}, {\"args\": [], \"name\": \"tag\", \"type\": \"string\", \"unsigned\": false, \"defaultTo\": null, \"notNullable\": false}], \"indexes\": [], \"foreignKeys\": []}, {\"name\": \"strapi_webhooks\", \"columns\": [{\"args\": [{\"primary\": true, \"primaryKey\": true}], \"name\": \"id\", \"type\": \"increments\", \"unsigned\": false, \"defaultTo\": null, \"notNullable\": true}, {\"args\": [], \"name\": \"name\", \"type\": \"string\", \"unsigned\": false, \"defaultTo\": null, \"notNullable\": false}, {\"args\": [\"longtext\"], \"name\": \"url\", \"type\": \"text\", \"unsigned\": false, \"defaultTo\": null, \"notNullable\": false}, {\"args\": [], \"name\": \"headers\", \"type\": \"jsonb\", \"unsigned\": false, \"defaultTo\": null, \"notNullable\": false}, {\"args\": [], \"name\": \"events\", \"type\": \"jsonb\", \"unsigned\": false, \"defaultTo\": null, \"notNullable\": false}, {\"args\": [], \"name\": \"enabled\", \"type\": \"boolean\", \"unsigned\": false, \"defaultTo\": null, \"notNullable\": false}], \"indexes\": [], \"foreignKeys\": []}, {\"name\": \"admin_permissions\", \"columns\": [{\"args\": [{\"primary\": true, \"primaryKey\": true}], \"name\": \"id\", \"type\": \"increments\", \"unsigned\": false, \"defaultTo\": null, \"notNullable\": true}, {\"args\": [], \"name\": \"action\", \"type\": \"string\", \"unsigned\": false, \"defaultTo\": null, \"notNullable\": false}, {\"args\": [], \"name\": \"subject\", \"type\": \"string\", \"unsigned\": false, \"defaultTo\": null, \"notNullable\": false}, {\"args\": [], \"name\": \"properties\", \"type\": \"jsonb\", \"unsigned\": false, \"defaultTo\": null, \"notNullable\": false}, {\"args\": [], \"name\": \"conditions\", \"type\": \"jsonb\", \"unsigned\": false, \"defaultTo\": null, \"notNullable\": false}, {\"args\": [{\"useTz\": false, \"precision\": 6}], \"name\": \"created_at\", \"type\": \"datetime\", \"unsigned\": false, \"defaultTo\": null, \"notNullable\": false}, {\"args\": [{\"useTz\": false, \"precision\": 6}], \"name\": \"updated_at\", \"type\": \"datetime\", \"unsigned\": false, \"defaultTo\": null, \"notNullable\": false}, {\"args\": [], \"name\": \"created_by_id\", \"type\": \"integer\", \"unsigned\": true, \"defaultTo\": null, \"notNullable\": false}, {\"args\": [], \"name\": \"updated_by_id\", \"type\": \"integer\", \"unsigned\": true, \"defaultTo\": null, \"notNullable\": false}], \"indexes\": [{\"name\": \"admin_permissions_created_by_id_fk\", \"columns\": [\"created_by_id\"]}, {\"name\": \"admin_permissions_updated_by_id_fk\", \"columns\": [\"updated_by_id\"]}], \"foreignKeys\": [{\"name\": \"admin_permissions_created_by_id_fk\", \"columns\": [\"created_by_id\"], \"onDelete\": \"SET NULL\", \"referencedTable\": \"admin_users\", \"referencedColumns\": [\"id\"]}, {\"name\": \"admin_permissions_updated_by_id_fk\", \"columns\": [\"updated_by_id\"], \"onDelete\": \"SET NULL\", \"referencedTable\": \"admin_users\", \"referencedColumns\": [\"id\"]}]}, {\"name\": \"admin_users\", \"columns\": [{\"args\": [{\"primary\": true, \"primaryKey\": true}], \"name\": \"id\", \"type\": \"increments\", \"unsigned\": false, \"defaultTo\": null, \"notNullable\": true}, {\"args\": [], \"name\": \"firstname\", \"type\": \"string\", \"unsigned\": false, \"defaultTo\": null, \"notNullable\": false}, {\"args\": [], \"name\": \"lastname\", \"type\": \"string\", \"unsigned\": false, \"defaultTo\": null, \"notNullable\": false}, {\"args\": [], \"name\": \"username\", \"type\": \"string\", \"unsigned\": false, \"defaultTo\": null, \"notNullable\": false}, {\"args\": [], \"name\": \"email\", \"type\": \"string\", \"unsigned\": false, \"defaultTo\": null, \"notNullable\": false}, {\"args\": [], \"name\": \"password\", \"type\": \"string\", \"unsigned\": false, \"defaultTo\": null, \"notNullable\": false}, {\"args\": [], \"name\": \"reset_password_token\", \"type\": \"string\", \"unsigned\": false, \"defaultTo\": null, \"notNullable\": false}, {\"args\": [], \"name\": \"registration_token\", \"type\": \"string\", \"unsigned\": false, \"defaultTo\": null, \"notNullable\": false}, {\"args\": [], \"name\": \"is_active\", \"type\": \"boolean\", \"unsigned\": false, \"defaultTo\": null, \"notNullable\": false}, {\"args\": [], \"name\": \"blocked\", \"type\": \"boolean\", \"unsigned\": false, \"defaultTo\": null, \"notNullable\": false}, {\"args\": [], \"name\": \"prefered_language\", \"type\": \"string\", \"unsigned\": false, \"defaultTo\": null, \"notNullable\": false}, {\"args\": [{\"useTz\": false, \"precision\": 6}], \"name\": \"created_at\", \"type\": \"datetime\", \"unsigned\": false, \"defaultTo\": null, \"notNullable\": false}, {\"args\": [{\"useTz\": false, \"precision\": 6}], \"name\": \"updated_at\", \"type\": \"datetime\", \"unsigned\": false, \"defaultTo\": null, \"notNullable\": false}, {\"args\": [], \"name\": \"created_by_id\", \"type\": \"integer\", \"unsigned\": true, \"defaultTo\": null, \"notNullable\": false}, {\"args\": [], \"name\": \"updated_by_id\", \"type\": \"integer\", \"unsigned\": true, \"defaultTo\": null, \"notNullable\": false}], \"indexes\": [{\"name\": \"admin_users_created_by_id_fk\", \"columns\": [\"created_by_id\"]}, {\"name\": \"admin_users_updated_by_id_fk\", \"columns\": [\"updated_by_id\"]}], \"foreignKeys\": [{\"name\": \"admin_users_created_by_id_fk\", \"columns\": [\"created_by_id\"], \"onDelete\": \"SET NULL\", \"referencedTable\": \"admin_users\", \"referencedColumns\": [\"id\"]}, {\"name\": \"admin_users_updated_by_id_fk\", \"columns\": [\"updated_by_id\"], \"onDelete\": \"SET NULL\", \"referencedTable\": \"admin_users\", \"referencedColumns\": [\"id\"]}]}, {\"name\": \"admin_roles\", \"columns\": [{\"args\": [{\"primary\": true, \"primaryKey\": true}], \"name\": \"id\", \"type\": \"increments\", \"unsigned\": false, \"defaultTo\": null, \"notNullable\": true}, {\"args\": [], \"name\": \"name\", \"type\": \"string\", \"unsigned\": false, \"defaultTo\": null, \"notNullable\": false}, {\"args\": [], \"name\": \"code\", \"type\": \"string\", \"unsigned\": false, \"defaultTo\": null, \"notNullable\": false}, {\"args\": [], \"name\": \"description\", \"type\": \"string\", \"unsigned\": false, \"defaultTo\": null, \"notNullable\": false}, {\"args\": [{\"useTz\": false, \"precision\": 6}], \"name\": \"created_at\", \"type\": \"datetime\", \"unsigned\": false, \"defaultTo\": null, \"notNullable\": false}, {\"args\": [{\"useTz\": false, \"precision\": 6}], \"name\": \"updated_at\", \"type\": \"datetime\", \"unsigned\": false, \"defaultTo\": null, \"notNullable\": false}, {\"args\": [], \"name\": \"created_by_id\", \"type\": \"integer\", \"unsigned\": true, \"defaultTo\": null, \"notNullable\": false}, {\"args\": [], \"name\": \"updated_by_id\", \"type\": \"integer\", \"unsigned\": true, \"defaultTo\": null, \"notNullable\": false}], \"indexes\": [{\"name\": \"admin_roles_created_by_id_fk\", \"columns\": [\"created_by_id\"]}, {\"name\": \"admin_roles_updated_by_id_fk\", \"columns\": [\"updated_by_id\"]}], \"foreignKeys\": [{\"name\": \"admin_roles_created_by_id_fk\", \"columns\": [\"created_by_id\"], \"onDelete\": \"SET NULL\", \"referencedTable\": \"admin_users\", \"referencedColumns\": [\"id\"]}, {\"name\": \"admin_roles_updated_by_id_fk\", \"columns\": [\"updated_by_id\"], \"onDelete\": \"SET NULL\", \"referencedTable\": \"admin_users\", \"referencedColumns\": [\"id\"]}]}, {\"name\": \"strapi_api_tokens\", \"columns\": [{\"args\": [{\"primary\": true, \"primaryKey\": true}], \"name\": \"id\", \"type\": \"increments\", \"unsigned\": false, \"defaultTo\": null, \"notNullable\": true}, {\"args\": [], \"name\": \"name\", \"type\": \"string\", \"unsigned\": false, \"defaultTo\": null, \"notNullable\": false}, {\"args\": [], \"name\": \"description\", \"type\": \"string\", \"unsigned\": false, \"defaultTo\": null, \"notNullable\": false}, {\"args\": [], \"name\": \"type\", \"type\": \"string\", \"unsigned\": false, \"defaultTo\": null, \"notNullable\": false}, {\"args\": [], \"name\": \"access_key\", \"type\": \"string\", \"unsigned\": false, \"defaultTo\": null, \"notNullable\": false}, {\"args\": [{\"useTz\": false, \"precision\": 6}], \"name\": \"created_at\", \"type\": \"datetime\", \"unsigned\": false, \"defaultTo\": null, \"notNullable\": false}, {\"args\": [{\"useTz\": false, \"precision\": 6}], \"name\": \"updated_at\", \"type\": \"datetime\", \"unsigned\": false, \"defaultTo\": null, \"notNullable\": false}, {\"args\": [], \"name\": \"created_by_id\", \"type\": \"integer\", \"unsigned\": true, \"defaultTo\": null, \"notNullable\": false}, {\"args\": [], \"name\": \"updated_by_id\", \"type\": \"integer\", \"unsigned\": true, \"defaultTo\": null, \"notNullable\": false}], \"indexes\": [{\"name\": \"strapi_api_tokens_created_by_id_fk\", \"columns\": [\"created_by_id\"]}, {\"name\": \"strapi_api_tokens_updated_by_id_fk\", \"columns\": [\"updated_by_id\"]}], \"foreignKeys\": [{\"name\": \"strapi_api_tokens_created_by_id_fk\", \"columns\": [\"created_by_id\"], \"onDelete\": \"SET NULL\", \"referencedTable\": \"admin_users\", \"referencedColumns\": [\"id\"]}, {\"name\": \"strapi_api_tokens_updated_by_id_fk\", \"columns\": [\"updated_by_id\"], \"onDelete\": \"SET NULL\", \"referencedTable\": \"admin_users\", \"referencedColumns\": [\"id\"]}]}, {\"name\": \"files\", \"columns\": [{\"args\": [{\"primary\": true, \"primaryKey\": true}], \"name\": \"id\", \"type\": \"increments\", \"unsigned\": false, \"defaultTo\": null, \"notNullable\": true}, {\"args\": [], \"name\": \"name\", \"type\": \"string\", \"unsigned\": false, \"defaultTo\": null, \"notNullable\": false}, {\"args\": [], \"name\": \"alternative_text\", \"type\": \"string\", \"unsigned\": false, \"defaultTo\": null, \"notNullable\": false}, {\"args\": [], \"name\": \"caption\", \"type\": \"string\", \"unsigned\": false, \"defaultTo\": null, \"notNullable\": false}, {\"args\": [], \"name\": \"width\", \"type\": \"integer\", \"unsigned\": false, \"defaultTo\": null, \"notNullable\": false}, {\"args\": [], \"name\": \"height\", \"type\": \"integer\", \"unsigned\": false, \"defaultTo\": null, \"notNullable\": false}, {\"args\": [], \"name\": \"formats\", \"type\": \"jsonb\", \"unsigned\": false, \"defaultTo\": null, \"notNullable\": false}, {\"args\": [], \"name\": \"hash\", \"type\": \"string\", \"unsigned\": false, \"defaultTo\": null, \"notNullable\": false}, {\"args\": [], \"name\": \"ext\", \"type\": \"string\", \"unsigned\": false, \"defaultTo\": null, \"notNullable\": false}, {\"args\": [], \"name\": \"mime\", \"type\": \"string\", \"unsigned\": false, \"defaultTo\": null, \"notNullable\": false}, {\"args\": [10, 2], \"name\": \"size\", \"type\": \"decimal\", \"unsigned\": false, \"defaultTo\": null, \"notNullable\": false}, {\"args\": [], \"name\": \"url\", \"type\": \"string\", \"unsigned\": false, \"defaultTo\": null, \"notNullable\": false}, {\"args\": [], \"name\": \"preview_url\", \"type\": \"string\", \"unsigned\": false, \"defaultTo\": null, \"notNullable\": false}, {\"args\": [], \"name\": \"provider\", \"type\": \"string\", \"unsigned\": false, \"defaultTo\": null, \"notNullable\": false}, {\"args\": [], \"name\": \"provider_metadata\", \"type\": \"jsonb\", \"unsigned\": false, \"defaultTo\": null, \"notNullable\": false}, {\"args\": [], \"name\": \"folder_path\", \"type\": \"string\", \"unsigned\": false, \"defaultTo\": null, \"notNullable\": false}, {\"args\": [{\"useTz\": false, \"precision\": 6}], \"name\": \"created_at\", \"type\": \"datetime\", \"unsigned\": false, \"defaultTo\": null, \"notNullable\": false}, {\"args\": [{\"useTz\": false, \"precision\": 6}], \"name\": \"updated_at\", \"type\": \"datetime\", \"unsigned\": false, \"defaultTo\": null, \"notNullable\": false}, {\"args\": [], \"name\": \"created_by_id\", \"type\": \"integer\", \"unsigned\": true, \"defaultTo\": null, \"notNullable\": false}, {\"args\": [], \"name\": \"updated_by_id\", \"type\": \"integer\", \"unsigned\": true, \"defaultTo\": null, \"notNullable\": false}], \"indexes\": [{\"name\": \"upload_files_folder_path_index\", \"type\": null, \"columns\": [\"folder_path\"]}, {\"name\": \"files_created_by_id_fk\", \"columns\": [\"created_by_id\"]}, {\"name\": \"files_updated_by_id_fk\", \"columns\": [\"updated_by_id\"]}], \"foreignKeys\": [{\"name\": \"files_created_by_id_fk\", \"columns\": [\"created_by_id\"], \"onDelete\": \"SET NULL\", \"referencedTable\": \"admin_users\", \"referencedColumns\": [\"id\"]}, {\"name\": \"files_updated_by_id_fk\", \"columns\": [\"updated_by_id\"], \"onDelete\": \"SET NULL\", \"referencedTable\": \"admin_users\", \"referencedColumns\": [\"id\"]}]}, {\"name\": \"upload_folders\", \"columns\": [{\"args\": [{\"primary\": true, \"primaryKey\": true}], \"name\": \"id\", \"type\": \"increments\", \"unsigned\": false, \"defaultTo\": null, \"notNullable\": true}, {\"args\": [], \"name\": \"name\", \"type\": \"string\", \"unsigned\": false, \"defaultTo\": null, \"notNullable\": false}, {\"args\": [], \"name\": \"path_id\", \"type\": \"integer\", \"unsigned\": false, \"defaultTo\": null, \"notNullable\": false}, {\"args\": [], \"name\": \"path\", \"type\": \"string\", \"unsigned\": false, \"defaultTo\": null, \"notNullable\": false}, {\"args\": [{\"useTz\": false, \"precision\": 6}], \"name\": \"created_at\", \"type\": \"datetime\", \"unsigned\": false, \"defaultTo\": null, \"notNullable\": false}, {\"args\": [{\"useTz\": false, \"precision\": 6}], \"name\": \"updated_at\", \"type\": \"datetime\", \"unsigned\": false, \"defaultTo\": null, \"notNullable\": false}, {\"args\": [], \"name\": \"created_by_id\", \"type\": \"integer\", \"unsigned\": true, \"defaultTo\": null, \"notNullable\": false}, {\"args\": [], \"name\": \"updated_by_id\", \"type\": \"integer\", \"unsigned\": true, \"defaultTo\": null, \"notNullable\": false}], \"indexes\": [{\"name\": \"upload_folders_path_id_index\", \"type\": \"unique\", \"columns\": [\"path_id\"]}, {\"name\": \"upload_folders_path_index\", \"type\": \"unique\", \"columns\": [\"path\"]}, {\"name\": \"upload_folders_created_by_id_fk\", \"columns\": [\"created_by_id\"]}, {\"name\": \"upload_folders_updated_by_id_fk\", \"columns\": [\"updated_by_id\"]}], \"foreignKeys\": [{\"name\": \"upload_folders_created_by_id_fk\", \"columns\": [\"created_by_id\"], \"onDelete\": \"SET NULL\", \"referencedTable\": \"admin_users\", \"referencedColumns\": [\"id\"]}, {\"name\": \"upload_folders_updated_by_id_fk\", \"columns\": [\"updated_by_id\"], \"onDelete\": \"SET NULL\", \"referencedTable\": \"admin_users\", \"referencedColumns\": [\"id\"]}]}, {\"name\": \"i18n_locale\", \"columns\": [{\"args\": [{\"primary\": true, \"primaryKey\": true}], \"name\": \"id\", \"type\": \"increments\", \"unsigned\": false, \"defaultTo\": null, \"notNullable\": true}, {\"args\": [], \"name\": \"name\", \"type\": \"string\", \"unsigned\": false, \"defaultTo\": null, \"notNullable\": false}, {\"args\": [], \"name\": \"code\", \"type\": \"string\", \"unsigned\": false, \"defaultTo\": null, \"notNullable\": false}, {\"args\": [{\"useTz\": false, \"precision\": 6}], \"name\": \"created_at\", \"type\": \"datetime\", \"unsigned\": false, \"defaultTo\": null, \"notNullable\": false}, {\"args\": [{\"useTz\": false, \"precision\": 6}], \"name\": \"updated_at\", \"type\": \"datetime\", \"unsigned\": false, \"defaultTo\": null, \"notNullable\": false}, {\"args\": [], \"name\": \"created_by_id\", \"type\": \"integer\", \"unsigned\": true, \"defaultTo\": null, \"notNullable\": false}, {\"args\": [], \"name\": \"updated_by_id\", \"type\": \"integer\", \"unsigned\": true, \"defaultTo\": null, \"notNullable\": false}], \"indexes\": [{\"name\": \"i18n_locale_created_by_id_fk\", \"columns\": [\"created_by_id\"]}, {\"name\": \"i18n_locale_updated_by_id_fk\", \"columns\": [\"updated_by_id\"]}], \"foreignKeys\": [{\"name\": \"i18n_locale_created_by_id_fk\", \"columns\": [\"created_by_id\"], \"onDelete\": \"SET NULL\", \"referencedTable\": \"admin_users\", \"referencedColumns\": [\"id\"]}, {\"name\": \"i18n_locale_updated_by_id_fk\", \"columns\": [\"updated_by_id\"], \"onDelete\": \"SET NULL\", \"referencedTable\": \"admin_users\", \"referencedColumns\": [\"id\"]}]}, {\"name\": \"up_permissions\", \"columns\": [{\"args\": [{\"primary\": true, \"primaryKey\": true}], \"name\": \"id\", \"type\": \"increments\", \"unsigned\": false, \"defaultTo\": null, \"notNullable\": true}, {\"args\": [], \"name\": \"action\", \"type\": \"string\", \"unsigned\": false, \"defaultTo\": null, \"notNullable\": false}, {\"args\": [{\"useTz\": false, \"precision\": 6}], \"name\": \"created_at\", \"type\": \"datetime\", \"unsigned\": false, \"defaultTo\": null, \"notNullable\": false}, {\"args\": [{\"useTz\": false, \"precision\": 6}], \"name\": \"updated_at\", \"type\": \"datetime\", \"unsigned\": false, \"defaultTo\": null, \"notNullable\": false}, {\"args\": [], \"name\": \"created_by_id\", \"type\": \"integer\", \"unsigned\": true, \"defaultTo\": null, \"notNullable\": false}, {\"args\": [], \"name\": \"updated_by_id\", \"type\": \"integer\", \"unsigned\": true, \"defaultTo\": null, \"notNullable\": false}], \"indexes\": [{\"name\": \"up_permissions_created_by_id_fk\", \"columns\": [\"created_by_id\"]}, {\"name\": \"up_permissions_updated_by_id_fk\", \"columns\": [\"updated_by_id\"]}], \"foreignKeys\": [{\"name\": \"up_permissions_created_by_id_fk\", \"columns\": [\"created_by_id\"], \"onDelete\": \"SET NULL\", \"referencedTable\": \"admin_users\", \"referencedColumns\": [\"id\"]}, {\"name\": \"up_permissions_updated_by_id_fk\", \"columns\": [\"updated_by_id\"], \"onDelete\": \"SET NULL\", \"referencedTable\": \"admin_users\", \"referencedColumns\": [\"id\"]}]}, {\"name\": \"up_roles\", \"columns\": [{\"args\": [{\"primary\": true, \"primaryKey\": true}], \"name\": \"id\", \"type\": \"increments\", \"unsigned\": false, \"defaultTo\": null, \"notNullable\": true}, {\"args\": [], \"name\": \"name\", \"type\": \"string\", \"unsigned\": false, \"defaultTo\": null, \"notNullable\": false}, {\"args\": [], \"name\": \"description\", \"type\": \"string\", \"unsigned\": false, \"defaultTo\": null, \"notNullable\": false}, {\"args\": [], \"name\": \"type\", \"type\": \"string\", \"unsigned\": false, \"defaultTo\": null, \"notNullable\": false}, {\"args\": [{\"useTz\": false, \"precision\": 6}], \"name\": \"created_at\", \"type\": \"datetime\", \"unsigned\": false, \"defaultTo\": null, \"notNullable\": false}, {\"args\": [{\"useTz\": false, \"precision\": 6}], \"name\": \"updated_at\", \"type\": \"datetime\", \"unsigned\": false, \"defaultTo\": null, \"notNullable\": false}, {\"args\": [], \"name\": \"created_by_id\", \"type\": \"integer\", \"unsigned\": true, \"defaultTo\": null, \"notNullable\": false}, {\"args\": [], \"name\": \"updated_by_id\", \"type\": \"integer\", \"unsigned\": true, \"defaultTo\": null, \"notNullable\": false}], \"indexes\": [{\"name\": \"up_roles_created_by_id_fk\", \"columns\": [\"created_by_id\"]}, {\"name\": \"up_roles_updated_by_id_fk\", \"columns\": [\"updated_by_id\"]}], \"foreignKeys\": [{\"name\": \"up_roles_created_by_id_fk\", \"columns\": [\"created_by_id\"], \"onDelete\": \"SET NULL\", \"referencedTable\": \"admin_users\", \"referencedColumns\": [\"id\"]}, {\"name\": \"up_roles_updated_by_id_fk\", \"columns\": [\"updated_by_id\"], \"onDelete\": \"SET NULL\", \"referencedTable\": \"admin_users\", \"referencedColumns\": [\"id\"]}]}, {\"name\": \"up_users\", \"columns\": [{\"args\": [{\"primary\": true, \"primaryKey\": true}], \"name\": \"id\", \"type\": \"increments\", \"unsigned\": false, \"defaultTo\": null, \"notNullable\": true}, {\"args\": [], \"name\": \"username\", \"type\": \"string\", \"unsigned\": false, \"defaultTo\": null, \"notNullable\": false}, {\"args\": [], \"name\": \"email\", \"type\": \"string\", \"unsigned\": false, \"defaultTo\": null, \"notNullable\": false}, {\"args\": [], \"name\": \"provider\", \"type\": \"string\", \"unsigned\": false, \"defaultTo\": null, \"notNullable\": false}, {\"args\": [], \"name\": \"password\", \"type\": \"string\", \"unsigned\": false, \"defaultTo\": null, \"notNullable\": false}, {\"args\": [], \"name\": \"reset_password_token\", \"type\": \"string\", \"unsigned\": false, \"defaultTo\": null, \"notNullable\": false}, {\"args\": [], \"name\": \"confirmation_token\", \"type\": \"string\", \"unsigned\": false, \"defaultTo\": null, \"notNullable\": false}, {\"args\": [], \"name\": \"confirmed\", \"type\": \"boolean\", \"unsigned\": false, \"defaultTo\": null, \"notNullable\": false}, {\"args\": [], \"name\": \"blocked\", \"type\": \"boolean\", \"unsigned\": false, \"defaultTo\": null, \"notNullable\": false}, {\"args\": [{\"useTz\": false, \"precision\": 6}], \"name\": \"created_at\", \"type\": \"datetime\", \"unsigned\": false, \"defaultTo\": null, \"notNullable\": false}, {\"args\": [{\"useTz\": false, \"precision\": 6}], \"name\": \"updated_at\", \"type\": \"datetime\", \"unsigned\": false, \"defaultTo\": null, \"notNullable\": false}, {\"args\": [], \"name\": \"created_by_id\", \"type\": \"integer\", \"unsigned\": true, \"defaultTo\": null, \"notNullable\": false}, {\"args\": [], \"name\": \"updated_by_id\", \"type\": \"integer\", \"unsigned\": true, \"defaultTo\": null, \"notNullable\": false}], \"indexes\": [{\"name\": \"up_users_created_by_id_fk\", \"columns\": [\"created_by_id\"]}, {\"name\": \"up_users_updated_by_id_fk\", \"columns\": [\"updated_by_id\"]}], \"foreignKeys\": [{\"name\": \"up_users_created_by_id_fk\", \"columns\": [\"created_by_id\"], \"onDelete\": \"SET NULL\", \"referencedTable\": \"admin_users\", \"referencedColumns\": [\"id\"]}, {\"name\": \"up_users_updated_by_id_fk\", \"columns\": [\"updated_by_id\"], \"onDelete\": \"SET NULL\", \"referencedTable\": \"admin_users\", \"referencedColumns\": [\"id\"]}]}, {\"name\": \"agente_tags\", \"columns\": [{\"args\": [{\"primary\": true, \"primaryKey\": true}], \"name\": \"id\", \"type\": \"increments\", \"unsigned\": false, \"defaultTo\": null, \"notNullable\": true}, {\"args\": [], \"name\": \"title\", \"type\": \"string\", \"unsigned\": false, \"defaultTo\": null, \"notNullable\": false}, {\"args\": [{\"useTz\": false, \"precision\": 6}], \"name\": \"created_at\", \"type\": \"datetime\", \"unsigned\": false, \"defaultTo\": null, \"notNullable\": false}, {\"args\": [{\"useTz\": false, \"precision\": 6}], \"name\": \"updated_at\", \"type\": \"datetime\", \"unsigned\": false, \"defaultTo\": null, \"notNullable\": false}, {\"args\": [], \"name\": \"created_by_id\", \"type\": \"integer\", \"unsigned\": true, \"defaultTo\": null, \"notNullable\": false}, {\"args\": [], \"name\": \"updated_by_id\", \"type\": \"integer\", \"unsigned\": true, \"defaultTo\": null, \"notNullable\": false}], \"indexes\": [{\"name\": \"agente_tags_created_by_id_fk\", \"columns\": [\"created_by_id\"]}, {\"name\": \"agente_tags_updated_by_id_fk\", \"columns\": [\"updated_by_id\"]}], \"foreignKeys\": [{\"name\": \"agente_tags_created_by_id_fk\", \"columns\": [\"created_by_id\"], \"onDelete\": \"SET NULL\", \"referencedTable\": \"admin_users\", \"referencedColumns\": [\"id\"]}, {\"name\": \"agente_tags_updated_by_id_fk\", \"columns\": [\"updated_by_id\"], \"onDelete\": \"SET NULL\", \"referencedTable\": \"admin_users\", \"referencedColumns\": [\"id\"]}]}, {\"name\": \"authors\", \"columns\": [{\"args\": [{\"primary\": true, \"primaryKey\": true}], \"name\": \"id\", \"type\": \"increments\", \"unsigned\": false, \"defaultTo\": null, \"notNullable\": true}, {\"args\": [], \"name\": \"title\", \"type\": \"string\", \"unsigned\": false, \"defaultTo\": null, \"notNullable\": false}, {\"args\": [\"longtext\"], \"name\": \"text\", \"type\": \"text\", \"unsigned\": false, \"defaultTo\": null, \"notNullable\": false}, {\"args\": [{\"useTz\": false, \"precision\": 6}], \"name\": \"created_at\", \"type\": \"datetime\", \"unsigned\": false, \"defaultTo\": null, \"notNullable\": false}, {\"args\": [{\"useTz\": false, \"precision\": 6}], \"name\": \"updated_at\", \"type\": \"datetime\", \"unsigned\": false, \"defaultTo\": null, \"notNullable\": false}, {\"args\": [], \"name\": \"created_by_id\", \"type\": \"integer\", \"unsigned\": true, \"defaultTo\": null, \"notNullable\": false}, {\"args\": [], \"name\": \"updated_by_id\", \"type\": \"integer\", \"unsigned\": true, \"defaultTo\": null, \"notNullable\": false}], \"indexes\": [{\"name\": \"authors_created_by_id_fk\", \"columns\": [\"created_by_id\"]}, {\"name\": \"authors_updated_by_id_fk\", \"columns\": [\"updated_by_id\"]}], \"foreignKeys\": [{\"name\": \"authors_created_by_id_fk\", \"columns\": [\"created_by_id\"], \"onDelete\": \"SET NULL\", \"referencedTable\": \"admin_users\", \"referencedColumns\": [\"id\"]}, {\"name\": \"authors_updated_by_id_fk\", \"columns\": [\"updated_by_id\"], \"onDelete\": \"SET NULL\", \"referencedTable\": \"admin_users\", \"referencedColumns\": [\"id\"]}]}, {\"name\": \"blogs\", \"columns\": [{\"args\": [{\"primary\": true, \"primaryKey\": true}], \"name\": \"id\", \"type\": \"increments\", \"unsigned\": false, \"defaultTo\": null, \"notNullable\": true}, {\"args\": [], \"name\": \"title\", \"type\": \"string\", \"unsigned\": false, \"defaultTo\": null, \"notNullable\": false}, {\"args\": [], \"name\": \"text\", \"type\": \"string\", \"unsigned\": false, \"defaultTo\": null, \"notNullable\": false}, {\"args\": [{\"useTz\": false, \"precision\": 6}], \"name\": \"created_at\", \"type\": \"datetime\", \"unsigned\": false, \"defaultTo\": null, \"notNullable\": false}, {\"args\": [{\"useTz\": false, \"precision\": 6}], \"name\": \"updated_at\", \"type\": \"datetime\", \"unsigned\": false, \"defaultTo\": null, \"notNullable\": false}, {\"args\": [], \"name\": \"created_by_id\", \"type\": \"integer\", \"unsigned\": true, \"defaultTo\": null, \"notNullable\": false}, {\"args\": [], \"name\": \"updated_by_id\", \"type\": \"integer\", \"unsigned\": true, \"defaultTo\": null, \"notNullable\": false}], \"indexes\": [{\"name\": \"blogs_created_by_id_fk\", \"columns\": [\"created_by_id\"]}, {\"name\": \"blogs_updated_by_id_fk\", \"columns\": [\"updated_by_id\"]}], \"foreignKeys\": [{\"name\": \"blogs_created_by_id_fk\", \"columns\": [\"created_by_id\"], \"onDelete\": \"SET NULL\", \"referencedTable\": \"admin_users\", \"referencedColumns\": [\"id\"]}, {\"name\": \"blogs_updated_by_id_fk\", \"columns\": [\"updated_by_id\"], \"onDelete\": \"SET NULL\", \"referencedTable\": \"admin_users\", \"referencedColumns\": [\"id\"]}]}, {\"name\": \"chi_siamos\", \"columns\": [{\"args\": [{\"primary\": true, \"primaryKey\": true}], \"name\": \"id\", \"type\": \"increments\", \"unsigned\": false, \"defaultTo\": null, \"notNullable\": true}, {\"args\": [], \"name\": \"slug\", \"type\": \"string\", \"unique\": true, \"unsigned\": false, \"defaultTo\": null, \"notNullable\": false}, {\"args\": [\"longtext\"], \"name\": \"content\", \"type\": \"text\", \"unsigned\": false, \"defaultTo\": null, \"notNullable\": false}, {\"args\": [], \"name\": \"title_1\", \"type\": \"string\", \"unsigned\": false, \"defaultTo\": null, \"notNullable\": false}, {\"args\": [], \"name\": \"title_2\", \"type\": \"string\", \"unsigned\": false, \"defaultTo\": null, \"notNullable\": false}, {\"args\": [{\"useTz\": false, \"precision\": 6}], \"name\": \"created_at\", \"type\": \"datetime\", \"unsigned\": false, \"defaultTo\": null, \"notNullable\": false}, {\"args\": [{\"useTz\": false, \"precision\": 6}], \"name\": \"updated_at\", \"type\": \"datetime\", \"unsigned\": false, \"defaultTo\": null, \"notNullable\": false}, {\"args\": [], \"name\": \"created_by_id\", \"type\": \"integer\", \"unsigned\": true, \"defaultTo\": null, \"notNullable\": false}, {\"args\": [], \"name\": \"updated_by_id\", \"type\": \"integer\", \"unsigned\": true, \"defaultTo\": null, \"notNullable\": false}], \"indexes\": [{\"name\": \"chi_siamos_slug_unique\", \"type\": \"unique\", \"columns\": [\"slug\"]}, {\"name\": \"chi_siamos_created_by_id_fk\", \"columns\": [\"created_by_id\"]}, {\"name\": \"chi_siamos_updated_by_id_fk\", \"columns\": [\"updated_by_id\"]}], \"foreignKeys\": [{\"name\": \"chi_siamos_created_by_id_fk\", \"columns\": [\"created_by_id\"], \"onDelete\": \"SET NULL\", \"referencedTable\": \"admin_users\", \"referencedColumns\": [\"id\"]}, {\"name\": \"chi_siamos_updated_by_id_fk\", \"columns\": [\"updated_by_id\"], \"onDelete\": \"SET NULL\", \"referencedTable\": \"admin_users\", \"referencedColumns\": [\"id\"]}]}, {\"name\": \"contattis\", \"columns\": [{\"args\": [{\"primary\": true, \"primaryKey\": true}], \"name\": \"id\", \"type\": \"increments\", \"unsigned\": false, \"defaultTo\": null, \"notNullable\": true}, {\"args\": [{\"useTz\": false, \"precision\": 6}], \"name\": \"created_at\", \"type\": \"datetime\", \"unsigned\": false, \"defaultTo\": null, \"notNullable\": false}, {\"args\": [{\"useTz\": false, \"precision\": 6}], \"name\": \"updated_at\", \"type\": \"datetime\", \"unsigned\": false, \"defaultTo\": null, \"notNullable\": false}, {\"args\": [], \"name\": \"created_by_id\", \"type\": \"integer\", \"unsigned\": true, \"defaultTo\": null, \"notNullable\": false}, {\"args\": [], \"name\": \"updated_by_id\", \"type\": \"integer\", \"unsigned\": true, \"defaultTo\": null, \"notNullable\": false}], \"indexes\": [{\"name\": \"contattis_created_by_id_fk\", \"columns\": [\"created_by_id\"]}, {\"name\": \"contattis_updated_by_id_fk\", \"columns\": [\"updated_by_id\"]}], \"foreignKeys\": [{\"name\": \"contattis_created_by_id_fk\", \"columns\": [\"created_by_id\"], \"onDelete\": \"SET NULL\", \"referencedTable\": \"admin_users\", \"referencedColumns\": [\"id\"]}, {\"name\": \"contattis_updated_by_id_fk\", \"columns\": [\"updated_by_id\"], \"onDelete\": \"SET NULL\", \"referencedTable\": \"admin_users\", \"referencedColumns\": [\"id\"]}]}, {\"name\": \"homes\", \"columns\": [{\"args\": [{\"primary\": true, \"primaryKey\": true}], \"name\": \"id\", \"type\": \"increments\", \"unsigned\": false, \"defaultTo\": null, \"notNullable\": true}, {\"args\": [], \"name\": \"title\", \"type\": \"string\", \"unsigned\": false, \"defaultTo\": null, \"notNullable\": false}, {\"args\": [], \"name\": \"slug\", \"type\": \"string\", \"unsigned\": false, \"defaultTo\": null, \"notNullable\": false}, {\"args\": [{\"useTz\": false, \"precision\": 6}], \"name\": \"created_at\", \"type\": \"datetime\", \"unsigned\": false, \"defaultTo\": null, \"notNullable\": false}, {\"args\": [{\"useTz\": false, \"precision\": 6}], \"name\": \"updated_at\", \"type\": \"datetime\", \"unsigned\": false, \"defaultTo\": null, \"notNullable\": false}, {\"args\": [], \"name\": \"created_by_id\", \"type\": \"integer\", \"unsigned\": true, \"defaultTo\": null, \"notNullable\": false}, {\"args\": [], \"name\": \"updated_by_id\", \"type\": \"integer\", \"unsigned\": true, \"defaultTo\": null, \"notNullable\": false}], \"indexes\": [{\"name\": \"homes_created_by_id_fk\", \"columns\": [\"created_by_id\"]}, {\"name\": \"homes_updated_by_id_fk\", \"columns\": [\"updated_by_id\"]}], \"foreignKeys\": [{\"name\": \"homes_created_by_id_fk\", \"columns\": [\"created_by_id\"], \"onDelete\": \"SET NULL\", \"referencedTable\": \"admin_users\", \"referencedColumns\": [\"id\"]}, {\"name\": \"homes_updated_by_id_fk\", \"columns\": [\"updated_by_id\"], \"onDelete\": \"SET NULL\", \"referencedTable\": \"admin_users\", \"referencedColumns\": [\"id\"]}]}, {\"name\": \"options\", \"columns\": [{\"args\": [{\"primary\": true, \"primaryKey\": true}], \"name\": \"id\", \"type\": \"increments\", \"unsigned\": false, \"defaultTo\": null, \"notNullable\": true}, {\"args\": [], \"name\": \"email\", \"type\": \"string\", \"unsigned\": false, \"defaultTo\": null, \"notNullable\": false}, {\"args\": [], \"name\": \"phone\", \"type\": \"string\", \"unsigned\": false, \"defaultTo\": null, \"notNullable\": false}, {\"args\": [], \"name\": \"facebook_url\", \"type\": \"string\", \"unsigned\": false, \"defaultTo\": null, \"notNullable\": false}, {\"args\": [], \"name\": \"instagram_url\", \"type\": \"string\", \"unsigned\": false, \"defaultTo\": null, \"notNullable\": false}, {\"args\": [], \"name\": \"linkedin_url\", \"type\": \"string\", \"unsigned\": false, \"defaultTo\": null, \"notNullable\": false}, {\"args\": [], \"name\": \"youtube_url\", \"type\": \"string\", \"unsigned\": false, \"defaultTo\": null, \"notNullable\": false}, {\"args\": [], \"name\": \"whatsup_url\", \"type\": \"string\", \"unsigned\": false, \"defaultTo\": null, \"notNullable\": false}, {\"args\": [\"longtext\"], \"name\": \"text\", \"type\": \"text\", \"unsigned\": false, \"defaultTo\": null, \"notNullable\": false}, {\"args\": [], \"name\": \"short_company_name\", \"type\": \"string\", \"unsigned\": false, \"defaultTo\": null, \"notNullable\": false}, {\"args\": [], \"name\": \"address\", \"type\": \"string\", \"unsigned\": false, \"defaultTo\": null, \"notNullable\": false}, {\"args\": [\"longtext\"], \"name\": \"hours\", \"type\": \"text\", \"unsigned\": false, \"defaultTo\": null, \"notNullable\": false}, {\"args\": [], \"name\": \"whatsup_number\", \"type\": \"string\", \"unsigned\": false, \"defaultTo\": null, \"notNullable\": false}, {\"args\": [], \"name\": \"full_company_name\", \"type\": \"string\", \"unsigned\": false, \"defaultTo\": null, \"notNullable\": false}, {\"args\": [], \"name\": \"vat\", \"type\": \"string\", \"unsigned\": false, \"defaultTo\": null, \"notNullable\": false}, {\"args\": [], \"name\": \"partner_text\", \"type\": \"string\", \"unsigned\": false, \"defaultTo\": null, \"notNullable\": false}, {\"args\": [], \"name\": \"partner_url\", \"type\": \"string\", \"unsigned\": false, \"defaultTo\": null, \"notNullable\": false}, {\"args\": [{\"useTz\": false, \"precision\": 6}], \"name\": \"created_at\", \"type\": \"datetime\", \"unsigned\": false, \"defaultTo\": null, \"notNullable\": false}, {\"args\": [{\"useTz\": false, \"precision\": 6}], \"name\": \"updated_at\", \"type\": \"datetime\", \"unsigned\": false, \"defaultTo\": null, \"notNullable\": false}, {\"args\": [], \"name\": \"created_by_id\", \"type\": \"integer\", \"unsigned\": true, \"defaultTo\": null, \"notNullable\": false}, {\"args\": [], \"name\": \"updated_by_id\", \"type\": \"integer\", \"unsigned\": true, \"defaultTo\": null, \"notNullable\": false}], \"indexes\": [{\"name\": \"options_created_by_id_fk\", \"columns\": [\"created_by_id\"]}, {\"name\": \"options_updated_by_id_fk\", \"columns\": [\"updated_by_id\"]}], \"foreignKeys\": [{\"name\": \"options_created_by_id_fk\", \"columns\": [\"created_by_id\"], \"onDelete\": \"SET NULL\", \"referencedTable\": \"admin_users\", \"referencedColumns\": [\"id\"]}, {\"name\": \"options_updated_by_id_fk\", \"columns\": [\"updated_by_id\"], \"onDelete\": \"SET NULL\", \"referencedTable\": \"admin_users\", \"referencedColumns\": [\"id\"]}]}, {\"name\": \"posts\", \"columns\": [{\"args\": [{\"primary\": true, \"primaryKey\": true}], \"name\": \"id\", \"type\": \"increments\", \"unsigned\": false, \"defaultTo\": null, \"notNullable\": true}, {\"args\": [], \"name\": \"title\", \"type\": \"string\", \"unsigned\": false, \"defaultTo\": null, \"notNullable\": false}, {\"args\": [\"longtext\"], \"name\": \"text\", \"type\": \"text\", \"unsigned\": false, \"defaultTo\": null, \"notNullable\": false}, {\"args\": [], \"name\": \"slug\", \"type\": \"string\", \"unique\": true, \"unsigned\": false, \"defaultTo\": null, \"notNullable\": false}, {\"args\": [{\"useTz\": false, \"precision\": 6}], \"name\": \"created_at\", \"type\": \"datetime\", \"unsigned\": false, \"defaultTo\": null, \"notNullable\": false}, {\"args\": [{\"useTz\": false, \"precision\": 6}], \"name\": \"updated_at\", \"type\": \"datetime\", \"unsigned\": false, \"defaultTo\": null, \"notNullable\": false}, {\"args\": [], \"name\": \"created_by_id\", \"type\": \"integer\", \"unsigned\": true, \"defaultTo\": null, \"notNullable\": false}, {\"args\": [], \"name\": \"updated_by_id\", \"type\": \"integer\", \"unsigned\": true, \"defaultTo\": null, \"notNullable\": false}], \"indexes\": [{\"name\": \"posts_slug_unique\", \"type\": \"unique\", \"columns\": [\"slug\"]}, {\"name\": \"posts_created_by_id_fk\", \"columns\": [\"created_by_id\"]}, {\"name\": \"posts_updated_by_id_fk\", \"columns\": [\"updated_by_id\"]}], \"foreignKeys\": [{\"name\": \"posts_created_by_id_fk\", \"columns\": [\"created_by_id\"], \"onDelete\": \"SET NULL\", \"referencedTable\": \"admin_users\", \"referencedColumns\": [\"id\"]}, {\"name\": \"posts_updated_by_id_fk\", \"columns\": [\"updated_by_id\"], \"onDelete\": \"SET NULL\", \"referencedTable\": \"admin_users\", \"referencedColumns\": [\"id\"]}]}, {\"name\": \"post_tags\", \"columns\": [{\"args\": [{\"primary\": true, \"primaryKey\": true}], \"name\": \"id\", \"type\": \"increments\", \"unsigned\": false, \"defaultTo\": null, \"notNullable\": true}, {\"args\": [], \"name\": \"title\", \"type\": \"string\", \"unsigned\": false, \"defaultTo\": null, \"notNullable\": false}, {\"args\": [], \"name\": \"slug\", \"type\": \"string\", \"unique\": true, \"unsigned\": false, \"defaultTo\": null, \"notNullable\": false}, {\"args\": [{\"useTz\": false, \"precision\": 6}], \"name\": \"created_at\", \"type\": \"datetime\", \"unsigned\": false, \"defaultTo\": null, \"notNullable\": false}, {\"args\": [{\"useTz\": false, \"precision\": 6}], \"name\": \"updated_at\", \"type\": \"datetime\", \"unsigned\": false, \"defaultTo\": null, \"notNullable\": false}, {\"args\": [], \"name\": \"created_by_id\", \"type\": \"integer\", \"unsigned\": true, \"defaultTo\": null, \"notNullable\": false}, {\"args\": [], \"name\": \"updated_by_id\", \"type\": \"integer\", \"unsigned\": true, \"defaultTo\": null, \"notNullable\": false}], \"indexes\": [{\"name\": \"post_tags_slug_unique\", \"type\": \"unique\", \"columns\": [\"slug\"]}, {\"name\": \"post_tags_created_by_id_fk\", \"columns\": [\"created_by_id\"]}, {\"name\": \"post_tags_updated_by_id_fk\", \"columns\": [\"updated_by_id\"]}], \"foreignKeys\": [{\"name\": \"post_tags_created_by_id_fk\", \"columns\": [\"created_by_id\"], \"onDelete\": \"SET NULL\", \"referencedTable\": \"admin_users\", \"referencedColumns\": [\"id\"]}, {\"name\": \"post_tags_updated_by_id_fk\", \"columns\": [\"updated_by_id\"], \"onDelete\": \"SET NULL\", \"referencedTable\": \"admin_users\", \"referencedColumns\": [\"id\"]}]}, {\"name\": \"servizis\", \"columns\": [{\"args\": [{\"primary\": true, \"primaryKey\": true}], \"name\": \"id\", \"type\": \"increments\", \"unsigned\": false, \"defaultTo\": null, \"notNullable\": true}, {\"args\": [], \"name\": \"title\", \"type\": \"string\", \"unsigned\": false, \"defaultTo\": null, \"notNullable\": false}, {\"args\": [\"longtext\"], \"name\": \"text\", \"type\": \"text\", \"unsigned\": false, \"defaultTo\": null, \"notNullable\": false}, {\"args\": [{\"useTz\": false, \"precision\": 6}], \"name\": \"created_at\", \"type\": \"datetime\", \"unsigned\": false, \"defaultTo\": null, \"notNullable\": false}, {\"args\": [{\"useTz\": false, \"precision\": 6}], \"name\": \"updated_at\", \"type\": \"datetime\", \"unsigned\": false, \"defaultTo\": null, \"notNullable\": false}, {\"args\": [], \"name\": \"created_by_id\", \"type\": \"integer\", \"unsigned\": true, \"defaultTo\": null, \"notNullable\": false}, {\"args\": [], \"name\": \"updated_by_id\", \"type\": \"integer\", \"unsigned\": true, \"defaultTo\": null, \"notNullable\": false}], \"indexes\": [{\"name\": \"servizis_created_by_id_fk\", \"columns\": [\"created_by_id\"]}, {\"name\": \"servizis_updated_by_id_fk\", \"columns\": [\"updated_by_id\"]}], \"foreignKeys\": [{\"name\": \"servizis_created_by_id_fk\", \"columns\": [\"created_by_id\"], \"onDelete\": \"SET NULL\", \"referencedTable\": \"admin_users\", \"referencedColumns\": [\"id\"]}, {\"name\": \"servizis_updated_by_id_fk\", \"columns\": [\"updated_by_id\"], \"onDelete\": \"SET NULL\", \"referencedTable\": \"admin_users\", \"referencedColumns\": [\"id\"]}]}, {\"name\": \"components_global_page_intros\", \"columns\": [{\"args\": [{\"primary\": true, \"primaryKey\": true}], \"name\": \"id\", \"type\": \"increments\", \"unsigned\": false, \"defaultTo\": null, \"notNullable\": true}, {\"args\": [\"longtext\"], \"name\": \"title\", \"type\": \"text\", \"unsigned\": false, \"defaultTo\": null, \"notNullable\": false}], \"indexes\": [], \"foreignKeys\": []}, {\"name\": \"components_home_abouts\", \"columns\": [{\"args\": [{\"primary\": true, \"primaryKey\": true}], \"name\": \"id\", \"type\": \"increments\", \"unsigned\": false, \"defaultTo\": null, \"notNullable\": true}, {\"args\": [], \"name\": \"title\", \"type\": \"string\", \"unsigned\": false, \"defaultTo\": null, \"notNullable\": false}, {\"args\": [\"longtext\"], \"name\": \"text\", \"type\": \"text\", \"unsigned\": false, \"defaultTo\": null, \"notNullable\": false}, {\"args\": [], \"name\": \"button_text\", \"type\": \"string\", \"unsigned\": false, \"defaultTo\": null, \"notNullable\": false}, {\"args\": [], \"name\": \"button_url\", \"type\": \"string\", \"unsigned\": false, \"defaultTo\": null, \"notNullable\": false}], \"indexes\": [], \"foreignKeys\": []}, {\"name\": \"components_home_banners\", \"columns\": [{\"args\": [{\"primary\": true, \"primaryKey\": true}], \"name\": \"id\", \"type\": \"increments\", \"unsigned\": false, \"defaultTo\": null, \"notNullable\": true}, {\"args\": [], \"name\": \"title\", \"type\": \"string\", \"unsigned\": false, \"defaultTo\": null, \"notNullable\": false}, {\"args\": [\"longtext\"], \"name\": \"text\", \"type\": \"text\", \"unsigned\": false, \"defaultTo\": null, \"notNullable\": false}], \"indexes\": [], \"foreignKeys\": []}, {\"name\": \"components_home_home_intros\", \"columns\": [{\"args\": [{\"primary\": true, \"primaryKey\": true}], \"name\": \"id\", \"type\": \"increments\", \"unsigned\": false, \"defaultTo\": null, \"notNullable\": true}, {\"args\": [], \"name\": \"title\", \"type\": \"string\", \"unsigned\": false, \"defaultTo\": null, \"notNullable\": false}, {\"args\": [], \"name\": \"subtitle\", \"type\": \"string\", \"unsigned\": false, \"defaultTo\": null, \"notNullable\": false}], \"indexes\": [], \"foreignKeys\": []}, {\"name\": \"components_home_latest_posts\", \"columns\": [{\"args\": [{\"primary\": true, \"primaryKey\": true}], \"name\": \"id\", \"type\": \"increments\", \"unsigned\": false, \"defaultTo\": null, \"notNullable\": true}, {\"args\": [], \"name\": \"title\", \"type\": \"string\", \"unsigned\": false, \"defaultTo\": null, \"notNullable\": false}, {\"args\": [], \"name\": \"button_text\", \"type\": \"string\", \"unsigned\": false, \"defaultTo\": null, \"notNullable\": false}, {\"args\": [], \"name\": \"posts_ids\", \"type\": \"string\", \"unsigned\": false, \"defaultTo\": null, \"notNullable\": false}], \"indexes\": [], \"foreignKeys\": []}, {\"name\": \"components_repeater_certificate_items\", \"columns\": [{\"args\": [{\"primary\": true, \"primaryKey\": true}], \"name\": \"id\", \"type\": \"increments\", \"unsigned\": false, \"defaultTo\": null, \"notNullable\": true}, {\"args\": [], \"name\": \"title\", \"type\": \"string\", \"unsigned\": false, \"defaultTo\": null, \"notNullable\": false}, {\"args\": [\"longtext\"], \"name\": \"text\", \"type\": \"text\", \"unsigned\": false, \"defaultTo\": null, \"notNullable\": false}], \"indexes\": [], \"foreignKeys\": []}, {\"name\": \"components_repeater_features\", \"columns\": [{\"args\": [{\"primary\": true, \"primaryKey\": true}], \"name\": \"id\", \"type\": \"increments\", \"unsigned\": false, \"defaultTo\": null, \"notNullable\": true}, {\"args\": [\"longtext\"], \"name\": \"icon\", \"type\": \"text\", \"unsigned\": false, \"defaultTo\": null, \"notNullable\": false}, {\"args\": [], \"name\": \"title\", \"type\": \"string\", \"unsigned\": false, \"defaultTo\": null, \"notNullable\": false}, {\"args\": [\"longtext\"], \"name\": \"text\", \"type\": \"text\", \"unsigned\": false, \"defaultTo\": null, \"notNullable\": false}, {\"args\": [], \"name\": \"url\", \"type\": \"string\", \"unsigned\": false, \"defaultTo\": null, \"notNullable\": false}], \"indexes\": [], \"foreignKeys\": []}, {\"name\": \"components_repeater_servizi_items\", \"columns\": [{\"args\": [{\"primary\": true, \"primaryKey\": true}], \"name\": \"id\", \"type\": \"increments\", \"unsigned\": false, \"defaultTo\": null, \"notNullable\": true}, {\"args\": [], \"name\": \"title\", \"type\": \"string\", \"unsigned\": false, \"defaultTo\": null, \"notNullable\": false}, {\"args\": [\"longtext\"], \"name\": \"text\", \"type\": \"text\", \"unsigned\": false, \"defaultTo\": null, \"notNullable\": false}], \"indexes\": [], \"foreignKeys\": []}, {\"name\": \"components_repeater_socials\", \"columns\": [{\"args\": [{\"primary\": true, \"primaryKey\": true}], \"name\": \"id\", \"type\": \"increments\", \"unsigned\": false, \"defaultTo\": null, \"notNullable\": true}, {\"args\": [], \"name\": \"social_label\", \"type\": \"string\", \"unsigned\": false, \"defaultTo\": null, \"notNullable\": false}, {\"args\": [], \"name\": \"url\", \"type\": \"string\", \"unsigned\": false, \"defaultTo\": null, \"notNullable\": false}], \"indexes\": [], \"foreignKeys\": []}, {\"name\": \"components_repeater_teams\", \"columns\": [{\"args\": [{\"primary\": true, \"primaryKey\": true}], \"name\": \"id\", \"type\": \"increments\", \"unsigned\": false, \"defaultTo\": null, \"notNullable\": true}, {\"args\": [], \"name\": \"title\", \"type\": \"string\", \"unsigned\": false, \"defaultTo\": null, \"notNullable\": false}, {\"args\": [], \"name\": \"tag\", \"type\": \"string\", \"unsigned\": false, \"defaultTo\": null, \"notNullable\": false}, {\"args\": [\"longtext\"], \"name\": \"text\", \"type\": \"text\", \"unsigned\": false, \"defaultTo\": null, \"notNullable\": false}], \"indexes\": [], \"foreignKeys\": []}, {\"name\": \"admin_permissions_role_links\", \"columns\": [{\"args\": [{\"primary\": true, \"primaryKey\": true}], \"name\": \"id\", \"type\": \"increments\", \"unsigned\": false, \"defaultTo\": null, \"notNullable\": true}, {\"args\": [], \"name\": \"permission_id\", \"type\": \"integer\", \"unsigned\": true, \"defaultTo\": null, \"notNullable\": false}, {\"args\": [], \"name\": \"role_id\", \"type\": \"integer\", \"unsigned\": true, \"defaultTo\": null, \"notNullable\": false}], \"indexes\": [{\"name\": \"admin_permissions_role_links_fk\", \"columns\": [\"permission_id\"]}, {\"name\": \"admin_permissions_role_links_inv_fk\", \"columns\": [\"role_id\"]}], \"foreignKeys\": [{\"name\": \"admin_permissions_role_links_fk\", \"columns\": [\"permission_id\"], \"onDelete\": \"CASCADE\", \"referencedTable\": \"admin_permissions\", \"referencedColumns\": [\"id\"]}, {\"name\": \"admin_permissions_role_links_inv_fk\", \"columns\": [\"role_id\"], \"onDelete\": \"CASCADE\", \"referencedTable\": \"admin_roles\", \"referencedColumns\": [\"id\"]}]}, {\"name\": \"admin_users_roles_links\", \"columns\": [{\"args\": [{\"primary\": true, \"primaryKey\": true}], \"name\": \"id\", \"type\": \"increments\", \"unsigned\": false, \"defaultTo\": null, \"notNullable\": true}, {\"args\": [], \"name\": \"user_id\", \"type\": \"integer\", \"unsigned\": true, \"defaultTo\": null, \"notNullable\": false}, {\"args\": [], \"name\": \"role_id\", \"type\": \"integer\", \"unsigned\": true, \"defaultTo\": null, \"notNullable\": false}], \"indexes\": [{\"name\": \"admin_users_roles_links_fk\", \"columns\": [\"user_id\"]}, {\"name\": \"admin_users_roles_links_inv_fk\", \"columns\": [\"role_id\"]}], \"foreignKeys\": [{\"name\": \"admin_users_roles_links_fk\", \"columns\": [\"user_id\"], \"onDelete\": \"CASCADE\", \"referencedTable\": \"admin_users\", \"referencedColumns\": [\"id\"]}, {\"name\": \"admin_users_roles_links_inv_fk\", \"columns\": [\"role_id\"], \"onDelete\": \"CASCADE\", \"referencedTable\": \"admin_roles\", \"referencedColumns\": [\"id\"]}]}, {\"name\": \"files_related_morphs\", \"columns\": [{\"args\": [{\"primary\": true, \"primaryKey\": true}], \"name\": \"id\", \"type\": \"increments\", \"unsigned\": false, \"defaultTo\": null, \"notNullable\": true}, {\"args\": [], \"name\": \"file_id\", \"type\": \"integer\", \"unsigned\": true, \"defaultTo\": null, \"notNullable\": false}, {\"args\": [], \"name\": \"related_id\", \"type\": \"integer\", \"unsigned\": true, \"defaultTo\": null, \"notNullable\": false}, {\"args\": [], \"name\": \"related_type\", \"type\": \"string\", \"unsigned\": false, \"defaultTo\": null, \"notNullable\": false}, {\"args\": [], \"name\": \"field\", \"type\": \"string\", \"unsigned\": false, \"defaultTo\": null, \"notNullable\": false}, {\"args\": [], \"name\": \"order\", \"type\": \"integer\", \"unsigned\": true, \"defaultTo\": null, \"notNullable\": false}], \"indexes\": [{\"name\": \"files_related_morphs_fk\", \"columns\": [\"file_id\"]}], \"foreignKeys\": [{\"name\": \"files_related_morphs_fk\", \"columns\": [\"file_id\"], \"onDelete\": \"CASCADE\", \"referencedTable\": \"files\", \"referencedColumns\": [\"id\"]}]}, {\"name\": \"files_folder_links\", \"columns\": [{\"args\": [{\"primary\": true, \"primaryKey\": true}], \"name\": \"id\", \"type\": \"increments\", \"unsigned\": false, \"defaultTo\": null, \"notNullable\": true}, {\"args\": [], \"name\": \"file_id\", \"type\": \"integer\", \"unsigned\": true, \"defaultTo\": null, \"notNullable\": false}, {\"args\": [], \"name\": \"folder_id\", \"type\": \"integer\", \"unsigned\": true, \"defaultTo\": null, \"notNullable\": false}], \"indexes\": [{\"name\": \"files_folder_links_fk\", \"columns\": [\"file_id\"]}, {\"name\": \"files_folder_links_inv_fk\", \"columns\": [\"folder_id\"]}], \"foreignKeys\": [{\"name\": \"files_folder_links_fk\", \"columns\": [\"file_id\"], \"onDelete\": \"CASCADE\", \"referencedTable\": \"files\", \"referencedColumns\": [\"id\"]}, {\"name\": \"files_folder_links_inv_fk\", \"columns\": [\"folder_id\"], \"onDelete\": \"CASCADE\", \"referencedTable\": \"upload_folders\", \"referencedColumns\": [\"id\"]}]}, {\"name\": \"upload_folders_parent_links\", \"columns\": [{\"args\": [{\"primary\": true, \"primaryKey\": true}], \"name\": \"id\", \"type\": \"increments\", \"unsigned\": false, \"defaultTo\": null, \"notNullable\": true}, {\"args\": [], \"name\": \"folder_id\", \"type\": \"integer\", \"unsigned\": true, \"defaultTo\": null, \"notNullable\": false}, {\"args\": [], \"name\": \"inv_folder_id\", \"type\": \"integer\", \"unsigned\": true, \"defaultTo\": null, \"notNullable\": false}], \"indexes\": [{\"name\": \"upload_folders_parent_links_fk\", \"columns\": [\"folder_id\"]}, {\"name\": \"upload_folders_parent_links_inv_fk\", \"columns\": [\"inv_folder_id\"]}], \"foreignKeys\": [{\"name\": \"upload_folders_parent_links_fk\", \"columns\": [\"folder_id\"], \"onDelete\": \"CASCADE\", \"referencedTable\": \"upload_folders\", \"referencedColumns\": [\"id\"]}, {\"name\": \"upload_folders_parent_links_inv_fk\", \"columns\": [\"inv_folder_id\"], \"onDelete\": \"CASCADE\", \"referencedTable\": \"upload_folders\", \"referencedColumns\": [\"id\"]}]}, {\"name\": \"up_permissions_role_links\", \"columns\": [{\"args\": [{\"primary\": true, \"primaryKey\": true}], \"name\": \"id\", \"type\": \"increments\", \"unsigned\": false, \"defaultTo\": null, \"notNullable\": true}, {\"args\": [], \"name\": \"permission_id\", \"type\": \"integer\", \"unsigned\": true, \"defaultTo\": null, \"notNullable\": false}, {\"args\": [], \"name\": \"role_id\", \"type\": \"integer\", \"unsigned\": true, \"defaultTo\": null, \"notNullable\": false}], \"indexes\": [{\"name\": \"up_permissions_role_links_fk\", \"columns\": [\"permission_id\"]}, {\"name\": \"up_permissions_role_links_inv_fk\", \"columns\": [\"role_id\"]}], \"foreignKeys\": [{\"name\": \"up_permissions_role_links_fk\", \"columns\": [\"permission_id\"], \"onDelete\": \"CASCADE\", \"referencedTable\": \"up_permissions\", \"referencedColumns\": [\"id\"]}, {\"name\": \"up_permissions_role_links_inv_fk\", \"columns\": [\"role_id\"], \"onDelete\": \"CASCADE\", \"referencedTable\": \"up_roles\", \"referencedColumns\": [\"id\"]}]}, {\"name\": \"up_users_role_links\", \"columns\": [{\"args\": [{\"primary\": true, \"primaryKey\": true}], \"name\": \"id\", \"type\": \"increments\", \"unsigned\": false, \"defaultTo\": null, \"notNullable\": true}, {\"args\": [], \"name\": \"user_id\", \"type\": \"integer\", \"unsigned\": true, \"defaultTo\": null, \"notNullable\": false}, {\"args\": [], \"name\": \"role_id\", \"type\": \"integer\", \"unsigned\": true, \"defaultTo\": null, \"notNullable\": false}], \"indexes\": [{\"name\": \"up_users_role_links_fk\", \"columns\": [\"user_id\"]}, {\"name\": \"up_users_role_links_inv_fk\", \"columns\": [\"role_id\"]}], \"foreignKeys\": [{\"name\": \"up_users_role_links_fk\", \"columns\": [\"user_id\"], \"onDelete\": \"CASCADE\", \"referencedTable\": \"up_users\", \"referencedColumns\": [\"id\"]}, {\"name\": \"up_users_role_links_inv_fk\", \"columns\": [\"role_id\"], \"onDelete\": \"CASCADE\", \"referencedTable\": \"up_roles\", \"referencedColumns\": [\"id\"]}]}, {\"name\": \"blogs_components\", \"columns\": [{\"args\": [{\"primary\": true, \"primaryKey\": true}], \"name\": \"id\", \"type\": \"increments\", \"unsigned\": false, \"defaultTo\": null, \"notNullable\": true}, {\"args\": [], \"name\": \"entity_id\", \"type\": \"integer\", \"unsigned\": true, \"defaultTo\": null, \"notNullable\": false}, {\"args\": [], \"name\": \"component_id\", \"type\": \"integer\", \"unsigned\": true, \"defaultTo\": null, \"notNullable\": false}, {\"args\": [], \"name\": \"component_type\", \"type\": \"string\", \"unsigned\": false, \"defaultTo\": null, \"notNullable\": false}, {\"args\": [], \"name\": \"field\", \"type\": \"string\", \"unsigned\": false, \"defaultTo\": null, \"notNullable\": false}, {\"args\": [], \"name\": \"order\", \"type\": \"integer\", \"unsigned\": true, \"defaultTo\": 0, \"notNullable\": false}], \"indexes\": [{\"name\": \"blogs_field_index\", \"type\": null, \"columns\": [\"field\"]}, {\"name\": \"blogs_component_type_index\", \"type\": null, \"columns\": [\"component_type\"]}, {\"name\": \"blogs_entity_fk\", \"columns\": [\"entity_id\"]}], \"foreignKeys\": [{\"name\": \"blogs_entity_fk\", \"columns\": [\"entity_id\"], \"onDelete\": \"CASCADE\", \"referencedTable\": \"blogs\", \"referencedColumns\": [\"id\"]}]}, {\"name\": \"chi_siamos_components\", \"columns\": [{\"args\": [{\"primary\": true, \"primaryKey\": true}], \"name\": \"id\", \"type\": \"increments\", \"unsigned\": false, \"defaultTo\": null, \"notNullable\": true}, {\"args\": [], \"name\": \"entity_id\", \"type\": \"integer\", \"unsigned\": true, \"defaultTo\": null, \"notNullable\": false}, {\"args\": [], \"name\": \"component_id\", \"type\": \"integer\", \"unsigned\": true, \"defaultTo\": null, \"notNullable\": false}, {\"args\": [], \"name\": \"component_type\", \"type\": \"string\", \"unsigned\": false, \"defaultTo\": null, \"notNullable\": false}, {\"args\": [], \"name\": \"field\", \"type\": \"string\", \"unsigned\": false, \"defaultTo\": null, \"notNullable\": false}, {\"args\": [], \"name\": \"order\", \"type\": \"integer\", \"unsigned\": true, \"defaultTo\": 0, \"notNullable\": false}], \"indexes\": [{\"name\": \"chi_siamos_field_index\", \"type\": null, \"columns\": [\"field\"]}, {\"name\": \"chi_siamos_component_type_index\", \"type\": null, \"columns\": [\"component_type\"]}, {\"name\": \"chi_siamos_entity_fk\", \"columns\": [\"entity_id\"]}], \"foreignKeys\": [{\"name\": \"chi_siamos_entity_fk\", \"columns\": [\"entity_id\"], \"onDelete\": \"CASCADE\", \"referencedTable\": \"chi_siamos\", \"referencedColumns\": [\"id\"]}]}, {\"name\": \"contattis_components\", \"columns\": [{\"args\": [{\"primary\": true, \"primaryKey\": true}], \"name\": \"id\", \"type\": \"increments\", \"unsigned\": false, \"defaultTo\": null, \"notNullable\": true}, {\"args\": [], \"name\": \"entity_id\", \"type\": \"integer\", \"unsigned\": true, \"defaultTo\": null, \"notNullable\": false}, {\"args\": [], \"name\": \"component_id\", \"type\": \"integer\", \"unsigned\": true, \"defaultTo\": null, \"notNullable\": false}, {\"args\": [], \"name\": \"component_type\", \"type\": \"string\", \"unsigned\": false, \"defaultTo\": null, \"notNullable\": false}, {\"args\": [], \"name\": \"field\", \"type\": \"string\", \"unsigned\": false, \"defaultTo\": null, \"notNullable\": false}, {\"args\": [], \"name\": \"order\", \"type\": \"integer\", \"unsigned\": true, \"defaultTo\": 0, \"notNullable\": false}], \"indexes\": [{\"name\": \"contattis_field_index\", \"type\": null, \"columns\": [\"field\"]}, {\"name\": \"contattis_component_type_index\", \"type\": null, \"columns\": [\"component_type\"]}, {\"name\": \"contattis_entity_fk\", \"columns\": [\"entity_id\"]}], \"foreignKeys\": [{\"name\": \"contattis_entity_fk\", \"columns\": [\"entity_id\"], \"onDelete\": \"CASCADE\", \"referencedTable\": \"contattis\", \"referencedColumns\": [\"id\"]}]}, {\"name\": \"homes_components\", \"columns\": [{\"args\": [{\"primary\": true, \"primaryKey\": true}], \"name\": \"id\", \"type\": \"increments\", \"unsigned\": false, \"defaultTo\": null, \"notNullable\": true}, {\"args\": [], \"name\": \"entity_id\", \"type\": \"integer\", \"unsigned\": true, \"defaultTo\": null, \"notNullable\": false}, {\"args\": [], \"name\": \"component_id\", \"type\": \"integer\", \"unsigned\": true, \"defaultTo\": null, \"notNullable\": false}, {\"args\": [], \"name\": \"component_type\", \"type\": \"string\", \"unsigned\": false, \"defaultTo\": null, \"notNullable\": false}, {\"args\": [], \"name\": \"field\", \"type\": \"string\", \"unsigned\": false, \"defaultTo\": null, \"notNullable\": false}, {\"args\": [], \"name\": \"order\", \"type\": \"integer\", \"unsigned\": true, \"defaultTo\": 0, \"notNullable\": false}], \"indexes\": [{\"name\": \"homes_field_index\", \"type\": null, \"columns\": [\"field\"]}, {\"name\": \"homes_component_type_index\", \"type\": null, \"columns\": [\"component_type\"]}, {\"name\": \"homes_entity_fk\", \"columns\": [\"entity_id\"]}], \"foreignKeys\": [{\"name\": \"homes_entity_fk\", \"columns\": [\"entity_id\"], \"onDelete\": \"CASCADE\", \"referencedTable\": \"homes\", \"referencedColumns\": [\"id\"]}]}, {\"name\": \"posts_author_links\", \"columns\": [{\"args\": [{\"primary\": true, \"primaryKey\": true}], \"name\": \"id\", \"type\": \"increments\", \"unsigned\": false, \"defaultTo\": null, \"notNullable\": true}, {\"args\": [], \"name\": \"post_id\", \"type\": \"integer\", \"unsigned\": true, \"defaultTo\": null, \"notNullable\": false}, {\"args\": [], \"name\": \"author_id\", \"type\": \"integer\", \"unsigned\": true, \"defaultTo\": null, \"notNullable\": false}], \"indexes\": [{\"name\": \"posts_author_links_fk\", \"columns\": [\"post_id\"]}, {\"name\": \"posts_author_links_inv_fk\", \"columns\": [\"author_id\"]}], \"foreignKeys\": [{\"name\": \"posts_author_links_fk\", \"columns\": [\"post_id\"], \"onDelete\": \"CASCADE\", \"referencedTable\": \"posts\", \"referencedColumns\": [\"id\"]}, {\"name\": \"posts_author_links_inv_fk\", \"columns\": [\"author_id\"], \"onDelete\": \"CASCADE\", \"referencedTable\": \"authors\", \"referencedColumns\": [\"id\"]}]}, {\"name\": \"post_tags_posts_links\", \"columns\": [{\"args\": [{\"primary\": true, \"primaryKey\": true}], \"name\": \"id\", \"type\": \"increments\", \"unsigned\": false, \"defaultTo\": null, \"notNullable\": true}, {\"args\": [], \"name\": \"post_tag_id\", \"type\": \"integer\", \"unsigned\": true, \"defaultTo\": null, \"notNullable\": false}, {\"args\": [], \"name\": \"post_id\", \"type\": \"integer\", \"unsigned\": true, \"defaultTo\": null, \"notNullable\": false}], \"indexes\": [{\"name\": \"post_tags_posts_links_fk\", \"columns\": [\"post_tag_id\"]}, {\"name\": \"post_tags_posts_links_inv_fk\", \"columns\": [\"post_id\"]}], \"foreignKeys\": [{\"name\": \"post_tags_posts_links_fk\", \"columns\": [\"post_tag_id\"], \"onDelete\": \"CASCADE\", \"referencedTable\": \"post_tags\", \"referencedColumns\": [\"id\"]}, {\"name\": \"post_tags_posts_links_inv_fk\", \"columns\": [\"post_id\"], \"onDelete\": \"CASCADE\", \"referencedTable\": \"posts\", \"referencedColumns\": [\"id\"]}]}, {\"name\": \"servizis_components\", \"columns\": [{\"args\": [{\"primary\": true, \"primaryKey\": true}], \"name\": \"id\", \"type\": \"increments\", \"unsigned\": false, \"defaultTo\": null, \"notNullable\": true}, {\"args\": [], \"name\": \"entity_id\", \"type\": \"integer\", \"unsigned\": true, \"defaultTo\": null, \"notNullable\": false}, {\"args\": [], \"name\": \"component_id\", \"type\": \"integer\", \"unsigned\": true, \"defaultTo\": null, \"notNullable\": false}, {\"args\": [], \"name\": \"component_type\", \"type\": \"string\", \"unsigned\": false, \"defaultTo\": null, \"notNullable\": false}, {\"args\": [], \"name\": \"field\", \"type\": \"string\", \"unsigned\": false, \"defaultTo\": null, \"notNullable\": false}, {\"args\": [], \"name\": \"order\", \"type\": \"integer\", \"unsigned\": true, \"defaultTo\": 0, \"notNullable\": false}], \"indexes\": [{\"name\": \"servizis_field_index\", \"type\": null, \"columns\": [\"field\"]}, {\"name\": \"servizis_component_type_index\", \"type\": null, \"columns\": [\"component_type\"]}, {\"name\": \"servizis_entity_fk\", \"columns\": [\"entity_id\"]}], \"foreignKeys\": [{\"name\": \"servizis_entity_fk\", \"columns\": [\"entity_id\"], \"onDelete\": \"CASCADE\", \"referencedTable\": \"servizis\", \"referencedColumns\": [\"id\"]}]}, {\"name\": \"components_repeater_teams_components\", \"columns\": [{\"args\": [{\"primary\": true, \"primaryKey\": true}], \"name\": \"id\", \"type\": \"increments\", \"unsigned\": false, \"defaultTo\": null, \"notNullable\": true}, {\"args\": [], \"name\": \"entity_id\", \"type\": \"integer\", \"unsigned\": true, \"defaultTo\": null, \"notNullable\": false}, {\"args\": [], \"name\": \"component_id\", \"type\": \"integer\", \"unsigned\": true, \"defaultTo\": null, \"notNullable\": false}, {\"args\": [], \"name\": \"component_type\", \"type\": \"string\", \"unsigned\": false, \"defaultTo\": null, \"notNullable\": false}, {\"args\": [], \"name\": \"field\", \"type\": \"string\", \"unsigned\": false, \"defaultTo\": null, \"notNullable\": false}, {\"args\": [], \"name\": \"order\", \"type\": \"integer\", \"unsigned\": true, \"defaultTo\": 0, \"notNullable\": false}], \"indexes\": [{\"name\": \"components_repeater_teams_field_index\", \"type\": null, \"columns\": [\"field\"]}, {\"name\": \"components_repeater_teams_component_type_index\", \"type\": null, \"columns\": [\"component_type\"]}, {\"name\": \"components_repeater_teams_entity_fk\", \"columns\": [\"entity_id\"]}], \"foreignKeys\": [{\"name\": \"components_repeater_teams_entity_fk\", \"columns\": [\"entity_id\"], \"onDelete\": \"CASCADE\", \"referencedTable\": \"components_repeater_teams\", \"referencedColumns\": [\"id\"]}]}, {\"name\": \"components_repeater_teams_agente_tags_links\", \"columns\": [{\"args\": [{\"primary\": true, \"primaryKey\": true}], \"name\": \"id\", \"type\": \"increments\", \"unsigned\": false, \"defaultTo\": null, \"notNullable\": true}, {\"args\": [], \"name\": \"team_id\", \"type\": \"integer\", \"unsigned\": true, \"defaultTo\": null, \"notNullable\": false}, {\"args\": [], \"name\": \"agente_tag_id\", \"type\": \"integer\", \"unsigned\": true, \"defaultTo\": null, \"notNullable\": false}], \"indexes\": [{\"name\": \"components_repeater_teams_agente_tags_links_fk\", \"columns\": [\"team_id\"]}, {\"name\": \"components_repeater_teams_agente_tags_links_inv_fk\", \"columns\": [\"agente_tag_id\"]}], \"foreignKeys\": [{\"name\": \"components_repeater_teams_agente_tags_links_fk\", \"columns\": [\"team_id\"], \"onDelete\": \"CASCADE\", \"referencedTable\": \"components_repeater_teams\", \"referencedColumns\": [\"id\"]}, {\"name\": \"components_repeater_teams_agente_tags_links_inv_fk\", \"columns\": [\"agente_tag_id\"], \"onDelete\": \"CASCADE\", \"referencedTable\": \"agente_tags\", \"referencedColumns\": [\"id\"]}]}]}','2022-10-04 13:31:27','59abe8a76f06a721da69d9ce33a78680');
/*!40000 ALTER TABLE `strapi_database_schema` ENABLE KEYS */;
UNLOCK TABLES;

--
-- Table structure for table `strapi_migrations`
--

DROP TABLE IF EXISTS `strapi_migrations`;
/*!40101 SET @saved_cs_client     = @@character_set_client */;
/*!50503 SET character_set_client = utf8mb4 */;
CREATE TABLE `strapi_migrations` (
  `id` int unsigned NOT NULL AUTO_INCREMENT,
  `name` varchar(255) DEFAULT NULL,
  `time` datetime DEFAULT NULL,
  PRIMARY KEY (`id`)
) ENGINE=InnoDB DEFAULT CHARSET=utf8mb4 COLLATE=utf8mb4_0900_ai_ci;
/*!40101 SET character_set_client = @saved_cs_client */;

--
-- Dumping data for table `strapi_migrations`
--

LOCK TABLES `strapi_migrations` WRITE;
/*!40000 ALTER TABLE `strapi_migrations` DISABLE KEYS */;
/*!40000 ALTER TABLE `strapi_migrations` ENABLE KEYS */;
UNLOCK TABLES;

--
-- Table structure for table `strapi_webhooks`
--

DROP TABLE IF EXISTS `strapi_webhooks`;
/*!40101 SET @saved_cs_client     = @@character_set_client */;
/*!50503 SET character_set_client = utf8mb4 */;
CREATE TABLE `strapi_webhooks` (
  `id` int unsigned NOT NULL AUTO_INCREMENT,
  `name` varchar(255) DEFAULT NULL,
  `url` longtext,
  `headers` json DEFAULT NULL,
  `events` json DEFAULT NULL,
  `enabled` tinyint(1) DEFAULT NULL,
  PRIMARY KEY (`id`)
) ENGINE=InnoDB DEFAULT CHARSET=utf8mb4 COLLATE=utf8mb4_0900_ai_ci;
/*!40101 SET character_set_client = @saved_cs_client */;

--
-- Dumping data for table `strapi_webhooks`
--

LOCK TABLES `strapi_webhooks` WRITE;
/*!40000 ALTER TABLE `strapi_webhooks` DISABLE KEYS */;
/*!40000 ALTER TABLE `strapi_webhooks` ENABLE KEYS */;
UNLOCK TABLES;

--
-- Table structure for table `up_permissions`
--

DROP TABLE IF EXISTS `up_permissions`;
/*!40101 SET @saved_cs_client     = @@character_set_client */;
/*!50503 SET character_set_client = utf8mb4 */;
CREATE TABLE `up_permissions` (
  `id` int unsigned NOT NULL AUTO_INCREMENT,
  `action` varchar(255) DEFAULT NULL,
  `created_at` datetime(6) DEFAULT NULL,
  `updated_at` datetime(6) DEFAULT NULL,
  `created_by_id` int unsigned DEFAULT NULL,
  `updated_by_id` int unsigned DEFAULT NULL,
  PRIMARY KEY (`id`),
  KEY `up_permissions_created_by_id_fk` (`created_by_id`),
  KEY `up_permissions_updated_by_id_fk` (`updated_by_id`),
  CONSTRAINT `up_permissions_created_by_id_fk` FOREIGN KEY (`created_by_id`) REFERENCES `admin_users` (`id`) ON DELETE SET NULL,
  CONSTRAINT `up_permissions_updated_by_id_fk` FOREIGN KEY (`updated_by_id`) REFERENCES `admin_users` (`id`) ON DELETE SET NULL
) ENGINE=InnoDB AUTO_INCREMENT=32 DEFAULT CHARSET=utf8mb4 COLLATE=utf8mb4_0900_ai_ci;
/*!40101 SET character_set_client = @saved_cs_client */;

--
-- Dumping data for table `up_permissions`
--

LOCK TABLES `up_permissions` WRITE;
/*!40000 ALTER TABLE `up_permissions` DISABLE KEYS */;
INSERT INTO `up_permissions` VALUES (1,'plugin::users-permissions.user.me','2022-09-22 16:00:21.933000','2022-09-22 16:00:21.933000',NULL,NULL),(2,'plugin::users-permissions.auth.changePassword','2022-09-22 16:00:21.933000','2022-09-22 16:00:21.933000',NULL,NULL),(3,'plugin::users-permissions.auth.callback','2022-09-22 16:00:21.947000','2022-09-22 16:00:21.947000',NULL,NULL),(4,'plugin::users-permissions.auth.connect','2022-09-22 16:00:21.947000','2022-09-22 16:00:21.947000',NULL,NULL),(5,'plugin::users-permissions.auth.forgotPassword','2022-09-22 16:00:21.947000','2022-09-22 16:00:21.947000',NULL,NULL),(6,'plugin::users-permissions.auth.resetPassword','2022-09-22 16:00:21.947000','2022-09-22 16:00:21.947000',NULL,NULL),(7,'plugin::users-permissions.auth.register','2022-09-22 16:00:21.947000','2022-09-22 16:00:21.947000',NULL,NULL),(8,'plugin::users-permissions.auth.emailConfirmation','2022-09-22 16:00:21.947000','2022-09-22 16:00:21.947000',NULL,NULL),(9,'plugin::users-permissions.auth.sendEmailConfirmation','2022-09-22 16:00:21.947000','2022-09-22 16:00:21.947000',NULL,NULL),(10,'api::option.option.find','2022-09-23 10:15:17.485000','2022-09-23 10:15:17.485000',NULL,NULL),(11,'api::home.home.find','2022-09-23 10:16:16.245000','2022-09-23 10:16:16.245000',NULL,NULL),(12,'plugin::content-type-builder.content-types.getContentTypes','2022-09-23 16:13:02.938000','2022-09-23 16:13:02.938000',NULL,NULL),(13,'plugin::content-type-builder.content-types.getContentType','2022-09-23 16:13:02.938000','2022-09-23 16:13:02.938000',NULL,NULL),(14,'plugin::content-type-builder.components.getComponents','2022-09-23 16:13:10.509000','2022-09-23 16:13:10.509000',NULL,NULL),(15,'plugin::content-type-builder.components.getComponent','2022-09-23 16:13:10.509000','2022-09-23 16:13:10.509000',NULL,NULL),(16,'plugin::content-type-builder.components.getComponents','2022-09-23 16:14:38.011000','2022-09-23 16:14:38.011000',NULL,NULL),(17,'plugin::content-type-builder.components.getComponent','2022-09-23 16:14:38.011000','2022-09-23 16:14:38.011000',NULL,NULL),(18,'plugin::content-type-builder.content-types.getContentTypes','2022-09-23 16:14:38.011000','2022-09-23 16:14:38.011000',NULL,NULL),(19,'plugin::content-type-builder.content-types.getContentType','2022-09-23 16:14:38.011000','2022-09-23 16:14:38.011000',NULL,NULL),(20,'api::post.post.find','2022-09-26 13:08:48.687000','2022-09-26 13:08:48.687000',NULL,NULL),(21,'api::post-tag.post-tag.find','2022-09-26 13:08:48.687000','2022-09-26 13:08:48.687000',NULL,NULL),(22,'api::post.post.findOne','2022-09-26 13:08:48.687000','2022-09-26 13:08:48.687000',NULL,NULL),(23,'api::post-tag.post-tag.findOne','2022-09-26 13:08:48.688000','2022-09-26 13:08:48.688000',NULL,NULL),(24,'api::servizi.servizi.find','2022-09-26 17:44:51.977000','2022-09-26 17:44:51.977000',NULL,NULL),(25,'api::chi-siamo.chi-siamo.find','2022-10-03 09:16:08.051000','2022-10-03 09:16:08.051000',NULL,NULL),(26,'api::agente-tag.agente-tag.find','2022-10-03 10:39:17.245000','2022-10-03 10:39:17.245000',NULL,NULL),(27,'api::agente-tag.agente-tag.findOne','2022-10-03 10:39:17.245000','2022-10-03 10:39:17.245000',NULL,NULL),(28,'api::contatti.contatti.find','2022-10-03 16:48:28.752000','2022-10-03 16:48:28.752000',NULL,NULL),(29,'api::blog.blog.find','2022-10-03 17:13:50.056000','2022-10-03 17:13:50.056000',NULL,NULL),(30,'api::author.author.findOne','2022-10-04 13:25:01.776000','2022-10-04 13:25:01.776000',NULL,NULL),(31,'api::author.author.find','2022-10-04 13:29:26.338000','2022-10-04 13:29:26.338000',NULL,NULL);
/*!40000 ALTER TABLE `up_permissions` ENABLE KEYS */;
UNLOCK TABLES;

--
-- Table structure for table `up_permissions_role_links`
--

DROP TABLE IF EXISTS `up_permissions_role_links`;
/*!40101 SET @saved_cs_client     = @@character_set_client */;
/*!50503 SET character_set_client = utf8mb4 */;
CREATE TABLE `up_permissions_role_links` (
  `id` int unsigned NOT NULL AUTO_INCREMENT,
  `permission_id` int unsigned DEFAULT NULL,
  `role_id` int unsigned DEFAULT NULL,
  PRIMARY KEY (`id`),
  KEY `up_permissions_role_links_fk` (`permission_id`),
  KEY `up_permissions_role_links_inv_fk` (`role_id`),
  CONSTRAINT `up_permissions_role_links_fk` FOREIGN KEY (`permission_id`) REFERENCES `up_permissions` (`id`) ON DELETE CASCADE,
  CONSTRAINT `up_permissions_role_links_inv_fk` FOREIGN KEY (`role_id`) REFERENCES `up_roles` (`id`) ON DELETE CASCADE
) ENGINE=InnoDB AUTO_INCREMENT=32 DEFAULT CHARSET=utf8mb4 COLLATE=utf8mb4_0900_ai_ci;
/*!40101 SET character_set_client = @saved_cs_client */;

--
-- Dumping data for table `up_permissions_role_links`
--

LOCK TABLES `up_permissions_role_links` WRITE;
/*!40000 ALTER TABLE `up_permissions_role_links` DISABLE KEYS */;
INSERT INTO `up_permissions_role_links` VALUES (1,1,1),(2,2,1),(3,3,2),(4,4,2),(5,7,2),(6,8,2),(7,6,2),(8,9,2),(9,5,2),(10,10,2),(11,11,2),(12,12,2),(13,13,2),(14,14,2),(15,15,2),(16,16,1),(17,17,1),(18,18,1),(19,19,1),(20,20,2),(21,21,2),(22,22,2),(23,23,2),(24,24,2),(25,25,2),(26,26,2),(27,27,2),(28,28,2),(29,29,2),(30,30,2),(31,31,2);
/*!40000 ALTER TABLE `up_permissions_role_links` ENABLE KEYS */;
UNLOCK TABLES;

--
-- Table structure for table `up_roles`
--

DROP TABLE IF EXISTS `up_roles`;
/*!40101 SET @saved_cs_client     = @@character_set_client */;
/*!50503 SET character_set_client = utf8mb4 */;
CREATE TABLE `up_roles` (
  `id` int unsigned NOT NULL AUTO_INCREMENT,
  `name` varchar(255) DEFAULT NULL,
  `description` varchar(255) DEFAULT NULL,
  `type` varchar(255) DEFAULT NULL,
  `created_at` datetime(6) DEFAULT NULL,
  `updated_at` datetime(6) DEFAULT NULL,
  `created_by_id` int unsigned DEFAULT NULL,
  `updated_by_id` int unsigned DEFAULT NULL,
  PRIMARY KEY (`id`),
  KEY `up_roles_created_by_id_fk` (`created_by_id`),
  KEY `up_roles_updated_by_id_fk` (`updated_by_id`),
  CONSTRAINT `up_roles_created_by_id_fk` FOREIGN KEY (`created_by_id`) REFERENCES `admin_users` (`id`) ON DELETE SET NULL,
  CONSTRAINT `up_roles_updated_by_id_fk` FOREIGN KEY (`updated_by_id`) REFERENCES `admin_users` (`id`) ON DELETE SET NULL
) ENGINE=InnoDB AUTO_INCREMENT=3 DEFAULT CHARSET=utf8mb4 COLLATE=utf8mb4_0900_ai_ci;
/*!40101 SET character_set_client = @saved_cs_client */;

--
-- Dumping data for table `up_roles`
--

LOCK TABLES `up_roles` WRITE;
/*!40000 ALTER TABLE `up_roles` DISABLE KEYS */;
INSERT INTO `up_roles` VALUES (1,'Authenticated','Default role given to authenticated user.','authenticated','2022-09-22 16:00:21.914000','2022-09-23 16:14:38.004000',NULL,NULL),(2,'Public','Default role given to unauthenticated user.','public','2022-09-22 16:00:21.920000','2022-10-04 13:29:26.331000',NULL,NULL);
/*!40000 ALTER TABLE `up_roles` ENABLE KEYS */;
UNLOCK TABLES;

--
-- Table structure for table `up_users`
--

DROP TABLE IF EXISTS `up_users`;
/*!40101 SET @saved_cs_client     = @@character_set_client */;
/*!50503 SET character_set_client = utf8mb4 */;
CREATE TABLE `up_users` (
  `id` int unsigned NOT NULL AUTO_INCREMENT,
  `username` varchar(255) DEFAULT NULL,
  `email` varchar(255) DEFAULT NULL,
  `provider` varchar(255) DEFAULT NULL,
  `password` varchar(255) DEFAULT NULL,
  `reset_password_token` varchar(255) DEFAULT NULL,
  `confirmation_token` varchar(255) DEFAULT NULL,
  `confirmed` tinyint(1) DEFAULT NULL,
  `blocked` tinyint(1) DEFAULT NULL,
  `created_at` datetime(6) DEFAULT NULL,
  `updated_at` datetime(6) DEFAULT NULL,
  `created_by_id` int unsigned DEFAULT NULL,
  `updated_by_id` int unsigned DEFAULT NULL,
  PRIMARY KEY (`id`),
  KEY `up_users_created_by_id_fk` (`created_by_id`),
  KEY `up_users_updated_by_id_fk` (`updated_by_id`),
  CONSTRAINT `up_users_created_by_id_fk` FOREIGN KEY (`created_by_id`) REFERENCES `admin_users` (`id`) ON DELETE SET NULL,
  CONSTRAINT `up_users_updated_by_id_fk` FOREIGN KEY (`updated_by_id`) REFERENCES `admin_users` (`id`) ON DELETE SET NULL
) ENGINE=InnoDB DEFAULT CHARSET=utf8mb4 COLLATE=utf8mb4_0900_ai_ci;
/*!40101 SET character_set_client = @saved_cs_client */;

--
-- Dumping data for table `up_users`
--

LOCK TABLES `up_users` WRITE;
/*!40000 ALTER TABLE `up_users` DISABLE KEYS */;
/*!40000 ALTER TABLE `up_users` ENABLE KEYS */;
UNLOCK TABLES;

--
-- Table structure for table `up_users_role_links`
--

DROP TABLE IF EXISTS `up_users_role_links`;
/*!40101 SET @saved_cs_client     = @@character_set_client */;
/*!50503 SET character_set_client = utf8mb4 */;
CREATE TABLE `up_users_role_links` (
  `id` int unsigned NOT NULL AUTO_INCREMENT,
  `user_id` int unsigned DEFAULT NULL,
  `role_id` int unsigned DEFAULT NULL,
  PRIMARY KEY (`id`),
  KEY `up_users_role_links_fk` (`user_id`),
  KEY `up_users_role_links_inv_fk` (`role_id`),
  CONSTRAINT `up_users_role_links_fk` FOREIGN KEY (`user_id`) REFERENCES `up_users` (`id`) ON DELETE CASCADE,
  CONSTRAINT `up_users_role_links_inv_fk` FOREIGN KEY (`role_id`) REFERENCES `up_roles` (`id`) ON DELETE CASCADE
) ENGINE=InnoDB DEFAULT CHARSET=utf8mb4 COLLATE=utf8mb4_0900_ai_ci;
/*!40101 SET character_set_client = @saved_cs_client */;

--
-- Dumping data for table `up_users_role_links`
--

LOCK TABLES `up_users_role_links` WRITE;
/*!40000 ALTER TABLE `up_users_role_links` DISABLE KEYS */;
/*!40000 ALTER TABLE `up_users_role_links` ENABLE KEYS */;
UNLOCK TABLES;

--
-- Table structure for table `upload_folders`
--

DROP TABLE IF EXISTS `upload_folders`;
/*!40101 SET @saved_cs_client     = @@character_set_client */;
/*!50503 SET character_set_client = utf8mb4 */;
CREATE TABLE `upload_folders` (
  `id` int unsigned NOT NULL AUTO_INCREMENT,
  `name` varchar(255) DEFAULT NULL,
  `path_id` int DEFAULT NULL,
  `path` varchar(255) DEFAULT NULL,
  `created_at` datetime(6) DEFAULT NULL,
  `updated_at` datetime(6) DEFAULT NULL,
  `created_by_id` int unsigned DEFAULT NULL,
  `updated_by_id` int unsigned DEFAULT NULL,
  PRIMARY KEY (`id`),
  UNIQUE KEY `upload_folders_path_id_index` (`path_id`),
  UNIQUE KEY `upload_folders_path_index` (`path`),
  KEY `upload_folders_created_by_id_fk` (`created_by_id`),
  KEY `upload_folders_updated_by_id_fk` (`updated_by_id`),
  CONSTRAINT `upload_folders_created_by_id_fk` FOREIGN KEY (`created_by_id`) REFERENCES `admin_users` (`id`) ON DELETE SET NULL,
  CONSTRAINT `upload_folders_updated_by_id_fk` FOREIGN KEY (`updated_by_id`) REFERENCES `admin_users` (`id`) ON DELETE SET NULL
) ENGINE=InnoDB DEFAULT CHARSET=utf8mb4 COLLATE=utf8mb4_0900_ai_ci;
/*!40101 SET character_set_client = @saved_cs_client */;

--
-- Dumping data for table `upload_folders`
--

LOCK TABLES `upload_folders` WRITE;
/*!40000 ALTER TABLE `upload_folders` DISABLE KEYS */;
/*!40000 ALTER TABLE `upload_folders` ENABLE KEYS */;
UNLOCK TABLES;

--
-- Table structure for table `upload_folders_parent_links`
--

DROP TABLE IF EXISTS `upload_folders_parent_links`;
/*!40101 SET @saved_cs_client     = @@character_set_client */;
/*!50503 SET character_set_client = utf8mb4 */;
CREATE TABLE `upload_folders_parent_links` (
  `id` int unsigned NOT NULL AUTO_INCREMENT,
  `folder_id` int unsigned DEFAULT NULL,
  `inv_folder_id` int unsigned DEFAULT NULL,
  PRIMARY KEY (`id`),
  KEY `upload_folders_parent_links_fk` (`folder_id`),
  KEY `upload_folders_parent_links_inv_fk` (`inv_folder_id`),
  CONSTRAINT `upload_folders_parent_links_fk` FOREIGN KEY (`folder_id`) REFERENCES `upload_folders` (`id`) ON DELETE CASCADE,
  CONSTRAINT `upload_folders_parent_links_inv_fk` FOREIGN KEY (`inv_folder_id`) REFERENCES `upload_folders` (`id`) ON DELETE CASCADE
) ENGINE=InnoDB DEFAULT CHARSET=utf8mb4 COLLATE=utf8mb4_0900_ai_ci;
/*!40101 SET character_set_client = @saved_cs_client */;

--
-- Dumping data for table `upload_folders_parent_links`
--

LOCK TABLES `upload_folders_parent_links` WRITE;
/*!40000 ALTER TABLE `upload_folders_parent_links` DISABLE KEYS */;
/*!40000 ALTER TABLE `upload_folders_parent_links` ENABLE KEYS */;
UNLOCK TABLES;
/*!40103 SET TIME_ZONE=@OLD_TIME_ZONE */;

/*!40101 SET SQL_MODE=@OLD_SQL_MODE */;
/*!40014 SET FOREIGN_KEY_CHECKS=@OLD_FOREIGN_KEY_CHECKS */;
/*!40014 SET UNIQUE_CHECKS=@OLD_UNIQUE_CHECKS */;
/*!40101 SET CHARACTER_SET_CLIENT=@OLD_CHARACTER_SET_CLIENT */;
/*!40101 SET CHARACTER_SET_RESULTS=@OLD_CHARACTER_SET_RESULTS */;
/*!40101 SET COLLATION_CONNECTION=@OLD_COLLATION_CONNECTION */;
/*!40111 SET SQL_NOTES=@OLD_SQL_NOTES */;

-- Dump completed on 2022-10-04 15:22:32
